Unnamed: 0,Joinville,Imóveis residenciais,Unnamed: 3,Unnamed: 4,Unnamed: 5,Unnamed: 6,Unnamed: 7,Unnamed: 8,Unnamed: 9,Unnamed: 10,Unnamed: 11,Unnamed: 12,Unnamed: 13,Unnamed: 14,Unnamed: 15,Unnamed: 16,Unnamed: 17,Unnamed: 18,Unnamed: 19,Unnamed: 20,Unnamed: 21,Imóveis residenciais.1,Unnamed: 23,Unnamed: 24,Unnamed: 25,Unnamed: 26,Unnamed: 27,Unnamed: 28,Unnamed: 29,Unnamed: 30,Unnamed: 31,Unnamed: 32,Unnamed: 33,Unnamed: 34,Unnamed: 35,Unnamed: 36,Unnamed: 37,Unnamed: 38,Unnamed: 39,Unnamed: 40,Unnamed: 41,Imóveis residenciais.2,Unnamed: 43,Unnamed: 44,Unnamed: 45,Unnamed: 46,Imóveis comerciais,Unnamed: 48,Unnamed: 49,Unnamed: 50,Imóveis comerciais.1,Unnamed: 52,Unnamed: 53,Unnamed: 54,Imóveis comerciais.2
,,Venda,,,,,,,,,,,,,,,,,,,,Locação,,,,,,,,,,,,,,,,,,,,Rentabilidade do aluguel (rental yield),,,,,Venda,,,,Locação,,,,Rentabilidade do aluguel (rental yield)
,,Número-Índice,,,,,Var. mensal (%),,,,,Var. em 12 meses (%),,,,,Preço médio (R$/m²),,,,,Número-Índice,,,,,Var. mensal (%),,,,,Var. em 12 meses (%),,,,,Preço médio (R$/m²),,,,,(% - mensalizada),,,,,Número-Índice,Var. mensal (%),Var. em 12 meses (%),Preço médio (R$/m²),Número-Índice,Var. mensal (%),Var. em 12 meses (%),Preço médio (R$/m²),(% - mensalizada)
,Data,Total,1D,2D,3D,4D,Total,1D,2D,3D,4D,Total,1D,2D,3D,4D,Total,1D,2D,3D,4D,Total,1D,2D,3D,4D,Total,1D,2D,3D,4D,Total,1D,2D,3D,4D,Total,1D,2D,3D,4D,Total,1D,2D,3D,4D,Total,Total,Total,Total,Total,Total,Total,Total,Total
,2008-01-01 00:00:00,.,.,.,.,.,.,.,.,.,.,.,.,.,.,.,.,.,.,.,.,.,.,.,.,.,.,.,.,.,.,.,.,.,.,.,.,.,.,.,.,.,.,.,.,.,.,.,.,.,.,.,.,.,.
,2008-02-01 00:00:00,.,.,.,.,.,.,.,.,.,.,.,.,.,.,.,.,.,.,.,.,.,.,.,.,.,.,.,.,.,.,.,.,.,.,.,.,.,.,.,.,.,.,.,.,.,.,.,.,.,.,.,.,.,.
,2008-03-01 00:00:00,.,.,.,.,.,.,.,.,.,.,.,.,.,.,.,.,.,.,.,.,.,.,.,.,.,.,.,.,.,.,.,.,.,.,.,.,.,.,.,.,.,.,.,.,.,.,.,.,.,.,.,.,.,.
,2008-04-01 00:00:00,.,.,.,.,.,.,.,.,.,.,.,.,.,.,.,.,.,.,.,.,.,.,.,.,.,.,.,.,.,.,.,.,.,.,.,.,.,.,.,.,.,.,.,.,.,.,.,.,.,.,.,.,.,.
,2008-05-01 00:00:00,.,.,.,.,.,.,.,.,.,.,.,.,.,.,.,.,.,.,.,.,.,.,.,.,.,.,.,.,.,.,.,.,.,.,.,.,.,.,.,.,.,.,.,.,.,.,.,.,.,.,.,.,.,.
,2008-06-01 00:00:00,.,.,.,.,.,.,.,.,.,.,.,.,.,.,.,.,.,.,.,.,.,.,.,.,.,.,.,.,.,.,.,.,.,.,.,.,.,.,.,.,.,.,.,.,.,.,.,.,.,.,.,.,.,.
,2008-07-01 00:00:00,.,.,.,.,.,.,.,.,.,.,.,.,.,.,.,.,.,.,.,.,.,.,.,.,.,.,.,.,.,.,.,.,.,.,.,.,.,.,.,.,.,.,.,.,.,.,.,.,.,.,.,.,.,.
,2008-08-01 00:00:00,.,.,.,.,.,.,.,.,.,.,.,.,.,.,.,.,.,.,.,.,.,.,.,.,.,.,.,.,.,.,.,.,.,.,.,.,.,.,.,.,.,.,.,.,.,.,.,.,.,.,.,.,.,.
,2008-09-01 00:00:00,.,.,.,.,.,.,.,.,.,.,.,.,.,.,.,.,.,.,.,.,.,.,.,.,.,.,.,.,.,.,.,.,.,.,.,.,.,.,.,.,.,.,.,.,.,.,.,.,.,.,.,.,.,.
,2008-10-01 00:00:00,.,.,.,.,.,.,.,.,.,.,.,.,.,.,.,.,.,.,.,.,.,.,.,.,.,.,.,.,.,.,.,.,.,.,.,.,.,.,.,.,.,.,.,.,.,.,.,.,.,.,.,.,.,.
,2008-11-01 00:00:00,.,.,.,.,.,.,.,.,.,.,.,.,.,.,.,.,.,.,.,.,.,.,.,.,.,.,.,.,.,.,.,.,.,.,.,.,.,.,.,.,.,.,.,.,.,.,.,.,.,.,.,.,.,.
,2008-12-01 00:00:00,.,.,.,.,.,.,.,.,.,.,.,.,.,.,.,.,.,.,.,.,.,.,.,.,.,.,.,.,.,.,.,.,.,.,.,.,.,.,.,.,.,.,.,.,.,.,.,.,.,.,.,.,.,.
,2009-01-01 00:00:00,.,.,.,.,.,.,.,.,.,.,.,.,.,.,.,.,.,.,.,.,.,.,.,.,.,.,.,.,.,.,.,.,.,.,.,.,.,.,.,.,.,.,.,.,.,.,.,.,.,.,.,.,.,.
,2009-02-01 00:00:00,.,.,.,.,.,.,.,.,.,.,.,.,.,.,.,.,.,.,.,.,.,.,.,.,.,.,.,.,.,.,.,.,.,.,.,.,.,.,.,.,.,.,.,.,.,.,.,.,.,.,.,.,.,.
,2009-03-01 00:00:00,.,.,.,.,.,.,.,.,.,.,.,.,.,.,.,.,.,.,.,.,.,.,.,.,.,.,.,.,.,.,.,.,.,.,.,.,.,.,.,.,.,.,.,.,.,.,.,.,.,.,.,.,.,.
,2009-04-01 00:00:00,.,.,.,.,.,.,.,.,.,.,.,.,.,.,.,.,.,.,.,.,.,.,.,.,.,.,.,.,.,.,.,.,.,.,.,.,.,.,.,.,.,.,.,.,.,.,.,.,.,.,.,.,.,.
,2009-05-01 00:00:00,.,.,.,.,.,.,.,.,.,.,.,.,.,.,.,.,.,.,.,.,.,.,.,.,.,.,.,.,.,.,.,.,.,.,.,.,.,.,.,.,.,.,.,.,.,.,.,.,.,.,.,.,.,.
,2009-06-01 00:00:00,.,.,.,.,.,.,.,.,.,.,.,.,.,.,.,.,.,.,.,.,.,.,.,.,.,.,.,.,.,.,.,.,.,.,.,.,.,.,.,.,.,.,.,.,.,.,.,.,.,.,.,.,.,.
,2009-07-01 00:00:00,.,.,.,.,.,.,.,.,.,.,.,.,.,.,.,.,.,.,.,.,.,.,.,.,.,.,.,.,.,.,.,.,.,.,.,.,.,.,.,.,.,.,.,.,.,.,.,.,.,.,.,.,.,.
,2009-08-01 00:00:00,.,.,.,.,.,.,.,.,.,.,.,.,.,.,.,.,.,.,.,.,.,.,.,.,.,.,.,.,.,.,.,.,.,.,.,.,.,.,.,.,.,.,.,.,.,.,.,.,.,.,.,.,.,.
,2009-09-01 00:00:00,.,.,.,.,.,.,.,.,.,.,.,.,.,.,.,.,.,.,.,.,.,.,.,.,.,.,.,.,.,.,.,.,.,.,.,.,.,.,.,.,.,.,.,.,.,.,.,.,.,.,.,.,.,.
,2009-10-01 00:00:00,.,.,.,.,.,.,.,.,.,.,.,.,.,.,.,.,.,.,.,.,.,.,.,.,.,.,.,.,.,.,.,.,.,.,.,.,.,.,.,.,.,.,.,.,.,.,.,.,.,.,.,.,.,.
,2009-11-01 00:00:00,.,.,.,.,.,.,.,.,.,.,.,.,.,.,.,.,.,.,.,.,.,.,.,.,.,.,.,.,.,.,.,.,.,.,.,.,.,.,.,.,.,.,.,.,.,.,.,.,.,.,.,.,.,.
,2009-12-01 00:00:00,.,.,.,.,.,.,.,.,.,.,.,.,.,.,.,.,.,.,.,.,.,.,.,.,.,.,.,.,.,.,.,.,.,.,.,.,.,.,.,.,.,.,.,.,.,.,.,.,.,.,.,.,.,.
,2010-01-01 00:00:00,.,.,.,.,.,.,.,.,.,.,.,.,.,.,.,.,.,.,.,.,.,.,.,.,.,.,.,.,.,.,.,.,.,.,.,.,.,.,.,.,.,.,.,.,.,.,.,.,.,.,.,.,.,.
,2010-02-01 00:00:00,.,.,.,.,.,.,.,.,.,.,.,.,.,.,.,.,.,.,.,.,.,.,.,.,.,.,.,.,.,.,.,.,.,.,.,.,.,.,.,.,.,.,.,.,.,.,.,.,.,.,.,.,.,.
,2010-03-01 00:00:00,.,.,.,.,.,.,.,.,.,.,.,.,.,.,.,.,.,.,.,.,.,.,.,.,.,.,.,.,.,.,.,.,.,.,.,.,.,.,.,.,.,.,.,.,.,.,.,.,.,.,.,.,.,.
,2010-04-01 00:00:00,.,.,.,.,.,.,.,.,.,.,.,.,.,.,.,.,.,.,.,.,.,.,.,.,.,.,.,.,.,.,.,.,.,.,.,.,.,.,.,.,.,.,.,.,.,.,.,.,.,.,.,.,.,.
,2010-05-01 00:00:00,.,.,.,.,.,.,.,.,.,.,.,.,.,.,.,.,.,.,.,.,.,.,.,.,.,.,.,.,.,.,.,.,.,.,.,.,.,.,.,.,.,.,.,.,.,.,.,.,.,.,.,.,.,.
,2010-06-01 00:00:00,.,.,.,.,.,.,.,.,.,.,.,.,.,.,.,.,.,.,.,.,.,.,.,.,.,.,.,.,.,.,.,.,.,.,.,.,.,.,.,.,.,.,.,.,.,.,.,.,.,.,.,.,.,.
,2010-07-01 00:00:00,.,.,.,.,.,.,.,.,.,.,.,.,.,.,.,.,.,.,.,.,.,.,.,.,.,.,.,.,.,.,.,.,.,.,.,.,.,.,.,.,.,.,.,.,.,.,.,.,.,.,.,.,.,.
,2010-08-01 00:00:00,.,.,.,.,.,.,.,.,.,.,.,.,.,.,.,.,.,.,.,.,.,.,.,.,.,.,.,.,.,.,.,.,.,.,.,.,.,.,.,.,.,.,.,.,.,.,.,.,.,.,.,.,.,.
,2010-09-01 00:00:00,.,.,.,.,.,.,.,.,.,.,.,.,.,.,.,.,.,.,.,.,.,.,.,.,.,.,.,.,.,.,.,.,.,.,.,.,.,.,.,.,.,.,.,.,.,.,.,.,.,.,.,.,.,.
,2010-10-01 00:00:00,.,.,.,.,.,.,.,.,.,.,.,.,.,.,.,.,.,.,.,.,.,.,.,.,.,.,.,.,.,.,.,.,.,.,.,.,.,.,.,.,.,.,.,.,.,.,.,.,.,.,.,.,.,.
,2010-11-01 00:00:00,.,.,.,.,.,.,.,.,.,.,.,.,.,.,.,.,.,.,.,.,.,.,.,.,.,.,.,.,.,.,.,.,.,.,.,.,.,.,.,.,.,.,.,.,.,.,.,.,.,.,.,.,.,.
,2010-12-01 00:00:00,.,.,.,.,.,.,.,.,.,.,.,.,.,.,.,.,.,.,.,.,.,.,.,.,.,.,.,.,.,.,.,.,.,.,.,.,.,.,.,.,.,.,.,.,.,.,.,.,.,.,.,.,.,.
,2011-01-01 00:00:00,.,.,.,.,.,.,.,.,.,.,.,.,.,.,.,.,.,.,.,.,.,.,.,.,.,.,.,.,.,.,.,.,.,.,.,.,.,.,.,.,.,.,.,.,.,.,.,.,.,.,.,.,.,.
,2011-02-01 00:00:00,.,.,.,.,.,.,.,.,.,.,.,.,.,.,.,.,.,.,.,.,.,.,.,.,.,.,.,.,.,.,.,.,.,.,.,.,.,.,.,.,.,.,.,.,.,.,.,.,.,.,.,.,.,.
,2011-03-01 00:00:00,.,.,.,.,.,.,.,.,.,.,.,.,.,.,.,.,.,.,.,.,.,.,.,.,.,.,.,.,.,.,.,.,.,.,.,.,.,.,.,.,.,.,.,.,.,.,.,.,.,.,.,.,.,.
,2011-04-01 00:00:00,.,.,.,.,.,.,.,.,.,.,.,.,.,.,.,.,.,.,.,.,.,.,.,.,.,.,.,.,.,.,.,.,.,.,.,.,.,.,.,.,.,.,.,.,.,.,.,.,.,.,.,.,.,.
,2011-05-01 00:00:00,.,.,.,.,.,.,.,.,.,.,.,.,.,.,.,.,.,.,.,.,.,.,.,.,.,.,.,.,.,.,.,.,.,.,.,.,.,.,.,.,.,.,.,.,.,.,.,.,.,.,.,.,.,.
,2011-06-01 00:00:00,.,.,.,.,.,.,.,.,.,.,.,.,.,.,.,.,.,.,.,.,.,.,.,.,.,.,.,.,.,.,.,.,.,.,.,.,.,.,.,.,.,.,.,.,.,.,.,.,.,.,.,.,.,.
,2011-07-01 00:00:00,.,.,.,.,.,.,.,.,.,.,.,.,.,.,.,.,.,.,.,.,.,.,.,.,.,.,.,.,.,.,.,.,.,.,.,.,.,.,.,.,.,.,.,.,.,.,.,.,.,.,.,.,.,.
,2011-08-01 00:00:00,.,.,.,.,.,.,.,.,.,.,.,.,.,.,.,.,.,.,.,.,.,.,.,.,.,.,.,.,.,.,.,.,.,.,.,.,.,.,.,.,.,.,.,.,.,.,.,.,.,.,.,.,.,.
,2011-09-01 00:00:00,.,.,.,.,.,.,.,.,.,.,.,.,.,.,.,.,.,.,.,.,.,.,.,.,.,.,.,.,.,.,.,.,.,.,.,.,.,.,.,.,.,.,.,.,.,.,.,.,.,.,.,.,.,.
,2011-10-01 00:00:00,.,.,.,.,.,.,.,.,.,.,.,.,.,.,.,.,.,.,.,.,.,.,.,.,.,.,.,.,.,.,.,.,.,.,.,.,.,.,.,.,.,.,.,.,.,.,.,.,.,.,.,.,.,.
,2011-11-01 00:00:00,.,.,.,.,.,.,.,.,.,.,.,.,.,.,.,.,.,.,.,.,.,.,.,.,.,.,.,.,.,.,.,.,.,.,.,.,.,.,.,.,.,.,.,.,.,.,.,.,.,.,.,.,.,.
,2011-12-01 00:00:00,.,.,.,.,.,.,.,.,.,.,.,.,.,.,.,.,.,.,.,.,.,.,.,.,.,.,.,.,.,.,.,.,.,.,.,.,.,.,.,.,.,.,.,.,.,.,.,.,.,.,.,.,.,.
,2012-01-01 00:00:00,.,.,.,.,.,.,.,.,.,.,.,.,.,.,.,.,.,.,.,.,.,.,.,.,.,.,.,.,.,.,.,.,.,.,.,.,.,.,.,.,.,.,.,.,.,.,.,.,.,.,.,.,.,.
,2012-02-01 00:00:00,.,.,.,.,.,.,.,.,.,.,.,.,.,.,.,.,.,.,.,.,.,.,.,.,.,.,.,.,.,.,.,.,.,.,.,.,.,.,.,.,.,.,.,.,.,.,.,.,.,.,.,.,.,.
,2012-03-01 00:00:00,.,.,.,.,.,.,.,.,.,.,.,.,.,.,.,.,.,.,.,.,.,.,.,.,.,.,.,.,.,.,.,.,.,.,.,.,.,.,.,.,.,.,.,.,.,.,.,.,.,.,.,.,.,.
,2012-04-01 00:00:00,.,.,.,.,.,.,.,.,.,.,.,.,.,.,.,.,.,.,.,.,.,.,.,.,.,.,.,.,.,.,.,.,.,.,.,.,.,.,.,.,.,.,.,.,.,.,.,.,.,.,.,.,.,.
,2012-05-01 00:00:00,.,.,.,.,.,.,.,.,.,.,.,.,.,.,.,.,.,.,.,.,.,.,.,.,.,.,.,.,.,.,.,.,.,.,.,.,.,.,.,.,.,.,.,.,.,.,.,.,.,.,.,.,.,.
,2012-06-01 00:00:00,.,.,.,.,.,.,.,.,.,.,.,.,.,.,.,.,.,.,.,.,.,.,.,.,.,.,.,.,.,.,.,.,.,.,.,.,.,.,.,.,.,.,.,.,.,.,.,.,.,.,.,.,.,.
,2012-07-01 00:00:00,.,.,.,.,.,.,.,.,.,.,.,.,.,.,.,.,.,.,.,.,.,.,.,.,.,.,.,.,.,.,.,.,.,.,.,.,.,.,.,.,.,.,.,.,.,.,.,.,.,.,.,.,.,.
,2012-08-01 00:00:00,.,.,.,.,.,.,.,.,.,.,.,.,.,.,.,.,.,.,.,.,.,.,.,.,.,.,.,.,.,.,.,.,.,.,.,.,.,.,.,.,.,.,.,.,.,.,.,.,.,.,.,.,.,.
,2012-09-01 00:00:00,.,.,.,.,.,.,.,.,.,.,.,.,.,.,.,.,.,.,.,.,.,.,.,.,.,.,.,.,.,.,.,.,.,.,.,.,.,.,.,.,.,.,.,.,.,.,.,.,.,.,.,.,.,.
,2012-10-01 00:00:00,.,.,.,.,.,.,.,.,.,.,.,.,.,.,.,.,.,.,.,.,.,.,.,.,.,.,.,.,.,.,.,.,.,.,.,.,.,.,.,.,.,.,.,.,.,.,.,.,.,.,.,.,.,.
,2012-11-01 00:00:00,.,.,.,.,.,.,.,.,.,.,.,.,.,.,.,.,.,.,.,.,.,.,.,.,.,.,.,.,.,.,.,.,.,.,.,.,.,.,.,.,.,.,.,.,.,.,.,.,.,.,.,.,.,.
,2012-12-01 00:00:00,.,.,.,.,.,.,.,.,.,.,.,.,.,.,.,.,.,.,.,.,.,.,.,.,.,.,.,.,.,.,.,.,.,.,.,.,.,.,.,.,.,.,.,.,.,.,.,.,.,.,.,.,.,.
,2013-01-01 00:00:00,.,.,.,.,.,.,.,.,.,.,.,.,.,.,.,.,.,.,.,.,.,.,.,.,.,.,.,.,.,.,.,.,.,.,.,.,.,.,.,.,.,.,.,.,.,.,.,.,.,.,.,.,.,.
,2013-02-01 00:00:00,.,.,.,.,.,.,.,.,.,.,.,.,.,.,.,.,.,.,.,.,.,.,.,.,.,.,.,.,.,.,.,.,.,.,.,.,.,.,.,.,.,.,.,.,.,.,.,.,.,.,.,.,.,.
,2013-03-01 00:00:00,.,.,.,.,.,.,.,.,.,.,.,.,.,.,.,.,.,.,.,.,.,.,.,.,.,.,.,.,.,.,.,.,.,.,.,.,.,.,.,.,.,.,.,.,.,.,.,.,.,.,.,.,.,.
,2013-04-01 00:00:00,.,.,.,.,.,.,.,.,.,.,.,.,.,.,.,.,.,.,.,.,.,.,.,.,.,.,.,.,.,.,.,.,.,.,.,.,.,.,.,.,.,.,.,.,.,.,.,.,.,.,.,.,.,.
,2013-05-01 00:00:00,.,.,.,.,.,.,.,.,.,.,.,.,.,.,.,.,.,.,.,.,.,.,.,.,.,.,.,.,.,.,.,.,.,.,.,.,.,.,.,.,.,.,.,.,.,.,.,.,.,.,.,.,.,.
,2013-06-01 00:00:00,.,.,.,.,.,.,.,.,.,.,.,.,.,.,.,.,.,.,.,.,.,.,.,.,.,.,.,.,.,.,.,.,.,.,.,.,.,.,.,.,.,.,.,.,.,.,.,.,.,.,.,.,.,.
,2013-07-01 00:00:00,.,.,.,.,.,.,.,.,.,.,.,.,.,.,.,.,.,.,.,.,.,.,.,.,.,.,.,.,.,.,.,.,.,.,.,.,.,.,.,.,.,.,.,.,.,.,.,.,.,.,.,.,.,.
,2013-08-01 00:00:00,.,.,.,.,.,.,.,.,.,.,.,.,.,.,.,.,.,.,.,.,.,.,.,.,.,.,.,.,.,.,.,.,.,.,.,.,.,.,.,.,.,.,.,.,.,.,.,.,.,.,.,.,.,.
,2013-09-01 00:00:00,.,.,.,.,.,.,.,.,.,.,.,.,.,.,.,.,.,.,.,.,.,.,.,.,.,.,.,.,.,.,.,.,.,.,.,.,.,.,.,.,.,.,.,.,.,.,.,.,.,.,.,.,.,.
,2013-10-01 00:00:00,.,.,.,.,.,.,.,.,.,.,.,.,.,.,.,.,.,.,.,.,.,.,.,.,.,.,.,.,.,.,.,.,.,.,.,.,.,.,.,.,.,.,.,.,.,.,.,.,.,.,.,.,.,.
,2013-11-01 00:00:00,.,.,.,.,.,.,.,.,.,.,.,.,.,.,.,.,.,.,.,.,.,.,.,.,.,.,.,.,.,.,.,.,.,.,.,.,.,.,.,.,.,.,.,.,.,.,.,.,.,.,.,.,.,.
,2013-12-01 00:00:00,.,.,.,.,.,.,.,.,.,.,.,.,.,.,.,.,.,.,.,.,.,.,.,.,.,.,.,.,.,.,.,.,.,.,.,.,.,.,.,.,.,.,.,.,.,.,.,.,.,.,.,.,.,.
,2014-01-01 00:00:00,.,.,.,.,.,.,.,.,.,.,.,.,.,.,.,.,.,.,.,.,.,.,.,.,.,.,.,.,.,.,.,.,.,.,.,.,.,.,.,.,.,.,.,.,.,.,.,.,.,.,.,.,.,.
,2014-02-01 00:00:00,.,.,.,.,.,.,.,.,.,.,.,.,.,.,.,.,.,.,.,.,.,.,.,.,.,.,.,.,.,.,.,.,.,.,.,.,.,.,.,.,.,.,.,.,.,.,.,.,.,.,.,.,.,.
,2014-03-01 00:00:00,.,.,.,.,.,.,.,.,.,.,.,.,.,.,.,.,.,.,.,.,.,.,.,.,.,.,.,.,.,.,.,.,.,.,.,.,.,.,.,.,.,.,.,.,.,.,.,.,.,.,.,.,.,.
,2014-04-01 00:00:00,.,.,.,.,.,.,.,.,.,.,.,.,.,.,.,.,.,.,.,.,.,.,.,.,.,.,.,.,.,.,.,.,.,.,.,.,.,.,.,.,.,.,.,.,.,.,.,.,.,.,.,.,.,.
,2014-05-01 00:00:00,.,.,.,.,.,.,.,.,.,.,.,.,.,.,.,.,.,.,.,.,.,.,.,.,.,.,.,.,.,.,.,.,.,.,.,.,.,.,.,.,.,.,.,.,.,.,.,.,.,.,.,.,.,.
,2014-06-01 00:00:00,.,.,.,.,.,.,.,.,.,.,.,.,.,.,.,.,.,.,.,.,.,.,.,.,.,.,.,.,.,.,.,.,.,.,.,.,.,.,.,.,.,.,.,.,.,.,.,.,.,.,.,.,.,.
,2014-07-01 00:00:00,.,.,.,.,.,.,.,.,.,.,.,.,.,.,.,.,.,.,.,.,.,.,.,.,.,.,.,.,.,.,.,.,.,.,.,.,.,.,.,.,.,.,.,.,.,.,.,.,.,.,.,.,.,.
,2014-08-01 00:00:00,.,.,.,.,.,.,.,.,.,.,.,.,.,.,.,.,.,.,.,.,.,.,.,.,.,.,.,.,.,.,.,.,.,.,.,.,.,.,.,.,.,.,.,.,.,.,.,.,.,.,.,.,.,.
,2014-09-01 00:00:00,.,.,.,.,.,.,.,.,.,.,.,.,.,.,.,.,.,.,.,.,.,.,.,.,.,.,.,.,.,.,.,.,.,.,.,.,.,.,.,.,.,.,.,.,.,.,.,.,.,.,.,.,.,.
,2014-10-01 00:00:00,.,.,.,.,.,.,.,.,.,.,.,.,.,.,.,.,.,.,.,.,.,.,.,.,.,.,.,.,.,.,.,.,.,.,.,.,.,.,.,.,.,.,.,.,.,.,.,.,.,.,.,.,.,.
,2014-11-01 00:00:00,.,.,.,.,.,.,.,.,.,.,.,.,.,.,.,.,.,.,.,.,.,.,.,.,.,.,.,.,.,.,.,.,.,.,.,.,.,.,.,.,.,.,.,.,.,.,.,.,.,.,.,.,.,.
,2014-12-01 00:00:00,.,.,.,.,.,.,.,.,.,.,.,.,.,.,.,.,.,.,.,.,.,.,.,.,.,.,.,.,.,.,.,.,.,.,.,.,.,.,.,.,.,.,.,.,.,.,.,.,.,.,.,.,.,.
,2015-01-01 00:00:00,.,.,.,.,.,.,.,.,.,.,.,.,.,.,.,.,.,.,.,.,.,.,.,.,.,.,.,.,.,.,.,.,.,.,.,.,.,.,.,.,.,.,.,.,.,.,.,.,.,.,.,.,.,.
,2015-02-01 00:00:00,.,.,.,.,.,.,.,.,.,.,.,.,.,.,.,.,.,.,.,.,.,.,.,.,.,.,.,.,.,.,.,.,.,.,.,.,.,.,.,.,.,.,.,.,.,.,.,.,.,.,.,.,.,.
,2015-03-01 00:00:00,.,.,.,.,.,.,.,.,.,.,.,.,.,.,.,.,.,.,.,.,.,.,.,.,.,.,.,.,.,.,.,.,.,.,.,.,.,.,.,.,.,.,.,.,.,.,.,.,.,.,.,.,.,.
,2015-04-01 00:00:00,.,.,.,.,.,.,.,.,.,.,.,.,.,.,.,.,.,.,.,.,.,.,.,.,.,.,.,.,.,.,.,.,.,.,.,.,.,.,.,.,.,.,.,.,.,.,.,.,.,.,.,.,.,.
,2015-05-01 00:00:00,.,.,.,.,.,.,.,.,.,.,.,.,.,.,.,.,.,.,.,.,.,.,.,.,.,.,.,.,.,.,.,.,.,.,.,.,.,.,.,.,.,.,.,.,.,.,.,.,.,.,.,.,.,.
,2015-06-01 00:00:00,.,.,.,.,.,.,.,.,.,.,.,.,.,.,.,.,.,.,.,.,.,.,.,.,.,.,.,.,.,.,.,.,.,.,.,.,.,.,.,.,.,.,.,.,.,.,.,.,.,.,.,.,.,.
,2015-07-01 00:00:00,.,.,.,.,.,.,.,.,.,.,.,.,.,.,.,.,.,.,.,.,.,.,.,.,.,.,.,.,.,.,.,.,.,.,.,.,.,.,.,.,.,.,.,.,.,.,.,.,.,.,.,.,.,.
,2015-08-01 00:00:00,.,.,.,.,.,.,.,.,.,.,.,.,.,.,.,.,.,.,.,.,.,.,.,.,.,.,.,.,.,.,.,.,.,.,.,.,.,.,.,.,.,.,.,.,.,.,.,.,.,.,.,.,.,.
,2015-09-01 00:00:00,.,.,.,.,.,.,.,.,.,.,.,.,.,.,.,.,.,.,.,.,.,.,.,.,.,.,.,.,.,.,.,.,.,.,.,.,.,.,.,.,.,.,.,.,.,.,.,.,.,.,.,.,.,.
,2015-10-01 00:00:00,.,.,.,.,.,.,.,.,.,.,.,.,.,.,.,.,.,.,.,.,.,.,.,.,.,.,.,.,.,.,.,.,.,.,.,.,.,.,.,.,.,.,.,.,.,.,.,.,.,.,.,.,.,.
,2015-11-01 00:00:00,.,.,.,.,.,.,.,.,.,.,.,.,.,.,.,.,.,.,.,.,.,.,.,.,.,.,.,.,.,.,.,.,.,.,.,.,.,.,.,.,.,.,.,.,.,.,.,.,.,.,.,.,.,.
,2015-12-01 00:00:00,.,.,.,.,.,.,.,.,.,.,.,.,.,.,.,.,.,.,.,.,.,.,.,.,.,.,.,.,.,.,.,.,.,.,.,.,.,.,.,.,.,.,.,.,.,.,.,.,.,.,.,.,.,.
,2016-01-01 00:00:00,.,.,.,.,.,.,.,.,.,.,.,.,.,.,.,.,.,.,.,.,.,.,.,.,.,.,.,.,.,.,.,.,.,.,.,.,.,.,.,.,.,.,.,.,.,.,.,.,.,.,.,.,.,.
,2016-02-01 00:00:00,.,.,.,.,.,.,.,.,.,.,.,.,.,.,.,.,.,.,.,.,.,.,.,.,.,.,.,.,.,.,.,.,.,.,.,.,.,.,.,.,.,.,.,.,.,.,.,.,.,.,.,.,.,.
,2016-03-01 00:00:00,.,.,.,.,.,.,.,.,.,.,.,.,.,.,.,.,.,.,.,.,.,.,.,.,.,.,.,.,.,.,.,.,.,.,.,.,.,.,.,.,.,.,.,.,.,.,.,.,.,.,.,.,.,.
,2016-04-01 00:00:00,.,.,.,.,.,.,.,.,.,.,.,.,.,.,.,.,.,.,.,.,.,.,.,.,.,.,.,.,.,.,.,.,.,.,.,.,.,.,.,.,.,.,.,.,.,.,.,.,.,.,.,.,.,.
,2016-05-01 00:00:00,.,.,.,.,.,.,.,.,.,.,.,.,.,.,.,.,.,.,.,.,.,.,.,.,.,.,.,.,.,.,.,.,.,.,.,.,.,.,.,.,.,.,.,.,.,.,.,.,.,.,.,.,.,.
,2016-06-01 00:00:00,.,.,.,.,.,.,.,.,.,.,.,.,.,.,.,.,.,.,.,.,.,.,.,.,.,.,.,.,.,.,.,.,.,.,.,.,.,.,.,.,.,.,.,.,.,.,.,.,.,.,.,.,.,.
,2016-07-01 00:00:00,.,.,.,.,.,.,.,.,.,.,.,.,.,.,.,.,.,.,.,.,.,.,.,.,.,.,.,.,.,.,.,.,.,.,.,.,.,.,.,.,.,.,.,.,.,.,.,.,.,.,.,.,.,.
,2016-08-01 00:00:00,.,.,.,.,.,.,.,.,.,.,.,.,.,.,.,.,.,.,.,.,.,.,.,.,.,.,.,.,.,.,.,.,.,.,.,.,.,.,.,.,.,.,.,.,.,.,.,.,.,.,.,.,.,.
,2016-09-01 00:00:00,.,.,.,.,.,.,.,.,.,.,.,.,.,.,.,.,.,.,.,.,.,.,.,.,.,.,.,.,.,.,.,.,.,.,.,.,.,.,.,.,.,.,.,.,.,.,.,.,.,.,.,.,.,.
,2016-10-01 00:00:00,.,.,.,.,.,.,.,.,.,.,.,.,.,.,.,.,.,.,.,.,.,.,.,.,.,.,.,.,.,.,.,.,.,.,.,.,.,.,.,.,.,.,.,.,.,.,.,.,.,.,.,.,.,.
,2016-11-01 00:00:00,.,.,.,.,.,.,.,.,.,.,.,.,.,.,.,.,.,.,.,.,.,.,.,.,.,.,.,.,.,.,.,.,.,.,.,.,.,.,.,.,.,.,.,.,.,.,.,.,.,.,.,.,.,.
,2016-12-01 00:00:00,.,.,.,.,.,.,.,.,.,.,.,.,.,.,.,.,.,.,.,.,.,.,.,.,.,.,.,.,.,.,.,.,.,.,.,.,.,.,.,.,.,.,.,.,.,.,.,.,.,.,.,.,.,.
,2017-01-01 00:00:00,.,.,.,.,.,.,.,.,.,.,.,.,.,.,.,.,.,.,.,.,.,.,.,.,.,.,.,.,.,.,.,.,.,.,.,.,.,.,.,.,.,.,.,.,.,.,.,.,.,.,.,.,.,.
,2017-02-01 00:00:00,.,.,.,.,.,.,.,.,.,.,.,.,.,.,.,.,.,.,.,.,.,.,.,.,.,.,.,.,.,.,.,.,.,.,.,.,.,.,.,.,.,.,.,.,.,.,.,.,.,.,.,.,.,.
,2017-03-01 00:00:00,.,.,.,.,.,.,.,.,.,.,.,.,.,.,.,.,.,.,.,.,.,.,.,.,.,.,.,.,.,.,.,.,.,.,.,.,.,.,.,.,.,.,.,.,.,.,.,.,.,.,.,.,.,.
,2017-04-01 00:00:00,.,.,.,.,.,.,.,.,.,.,.,.,.,.,.,.,.,.,.,.,.,.,.,.,.,.,.,.,.,.,.,.,.,.,.,.,.,.,.,.,.,.,.,.,.,.,.,.,.,.,.,.,.,.
,2017-05-01 00:00:00,.,.,.,.,.,.,.,.,.,.,.,.,.,.,.,.,.,.,.,.,.,.,.,.,.,.,.,.,.,.,.,.,.,.,.,.,.,.,.,.,.,.,.,.,.,.,.,.,.,.,.,.,.,.
,2017-06-01 00:00:00,.,.,.,.,.,.,.,.,.,.,.,.,.,.,.,.,.,.,.,.,.,.,.,.,.,.,.,.,.,.,.,.,.,.,.,.,.,.,.,.,.,.,.,.,.,.,.,.,.,.,.,.,.,.
,2017-07-01 00:00:00,.,.,.,.,.,.,.,.,.,.,.,.,.,.,.,.,.,.,.,.,.,.,.,.,.,.,.,.,.,.,.,.,.,.,.,.,.,.,.,.,.,.,.,.,.,.,.,.,.,.,.,.,.,.
,2017-08-01 00:00:00,.,.,.,.,.,.,.,.,.,.,.,.,.,.,.,.,.,.,.,.,.,.,.,.,.,.,.,.,.,.,.,.,.,.,.,.,.,.,.,.,.,.,.,.,.,.,.,.,.,.,.,.,.,.
,2017-09-01 00:00:00,.,.,.,.,.,.,.,.,.,.,.,.,.,.,.,.,.,.,.,.,.,.,.,.,.,.,.,.,.,.,.,.,.,.,.,.,.,.,.,.,.,.,.,.,.,.,.,.,.,.,.,.,.,.
,2017-10-01 00:00:00,.,.,.,.,.,.,.,.,.,.,.,.,.,.,.,.,.,.,.,.,.,.,.,.,.,.,.,.,.,.,.,.,.,.,.,.,.,.,.,.,.,.,.,.,.,.,.,.,.,.,.,.,.,.
,2017-11-01 00:00:00,.,.,.,.,.,.,.,.,.,.,.,.,.,.,.,.,.,.,.,.,.,.,.,.,.,.,.,.,.,.,.,.,.,.,.,.,.,.,.,.,.,.,.,.,.,.,.,.,.,.,.,.,.,.
,2017-12-01 00:00:00,.,.,.,.,.,.,.,.,.,.,.,.,.,.,.,.,.,.,.,.,.,.,.,.,.,.,.,.,.,.,.,.,.,.,.,.,.,.,.,.,.,.,.,.,.,.,.,.,.,.,.,.,.,.
,2018-01-01 00:00:00,100,.,.,.,.,.,.,.,.,.,.,.,.,.,.,4481.937126622991,.,.,.,.,100,.,.,.,.,.,.,.,.,.,.,.,.,.,.,16.02112766299418,.,.,.,.,0.003657192127294689,.,.,.,.,.,.,.,.,.,.,.,.,.
,2018-02-01 00:00:00,100.10558256821615,.,.,.,.,0.0010558256821615597,.,.,.,.,.,.,.,.,.,4486.669270947113,.,.,.,.,100.61905383893004,.,.,.,.,0.006190538389300393,.,.,.,.,.,.,.,.,.,16.120307068831828,.,.,.,.,0.003674541661341568,.,.,.,.,.,.,.,.,.,.,.,.,.
,2018-03-01 00:00:00,100.78072347589689,.,.,.,.,0.006744288284029176,.,.,.,.,.,.,.,.,.,4516.928661945475,.,.,.,.,101.35411017730229,.,.,.,.,0.0073053393997215554,.,.,.,.,.,.,.,.,.,16.238071383197376,.,.,.,.,0.0036728167251917476,.,.,.,.,.,.,.,.,.,.,.,.,.
,2018-04-01 00:00:00,101.00793748660413,.,.,.,.,0.002254538396537553,.,.,.,.,.,.,.,.,.,4527.112251048253,.,.,.,.,103.54435162975359,.,.,.,.,0.02160979410326669,.,.,.,.,.,.,.,.,.,16.588972762422415,.,.,.,.,0.003746700111782138,.,.,.,.,.,.,.,.,.,.,.,.,.
,2018-05-01 00:00:00,100.93837049362843,.,.,.,.,-0.0006887279822432868,.,.,.,.,.,.,.,.,.,4523.994302162199,.,.,.,.,103.97455734426646,.,.,.,.,0.004154796546036232,.,.,.,.,.,.,.,.,.,16.65789656915802,.,.,.,.,0.003765323610132173,.,.,.,.,.,.,.,.,.,.,.,.,.
,2018-06-01 00:00:00,100.53388056727091,.,.,.,.,-0.004007295980501757,.,.,.,.,.,.,.,.,.,4505.865317979332,.,.,.,.,103.78938378505168,.,.,.,.,-0.0017809506858649238,.,.,.,.,.,.,.,.,.,16.62822967683811,.,.,.,.,0.0037763969427784157,.,.,.,.,.,.,.,.,.,.,.,.,.
,2018-07-01 00:00:00,101.46780619410534,.,.,.,.,0.009289660575764858,.,.,.,.,.,.,.,.,.,4547.72327738347,.,.,.,.,102.94258942046345,.,.,.,.,-0.00815877629972206,.,.,.,.,.,.,.,.,.,16.492563670644387,.,.,.,.,0.003704727817446919,.,.,.,.,.,.,.,.,.,.,.,.,.
,2018-08-01 00:00:00,102.34691703291836,.,.,.,.,0.008663938561274342,.,.,.,.,.,.,.,.,.,4587.124472452398,.,.,.,.,103.28178030347244,.,.,.,.,0.003294951923383138,.,.,.,.,.,.,.,.,.,16.546905875032497,.,.,.,.,0.0036864032827962265,.,.,.,.,.,.,.,.,.,.,.,.,.
,2018-09-01 00:00:00,103.73577245219646,.,.,.,.,0.013570075773082557,.,.,.,.,.,.,.,.,.,4649.372099124139,.,.,.,.,103.94103460850089,.,.,.,.,0.006383064884158296,.,.,.,.,.,.,.,.,.,16.652525848864887,.,.,.,.,0.0036632680203960892,.,.,.,.,.,.,.,.,.,.,.,.,.
,2018-10-01 00:00:00,104.74455286037359,.,.,.,.,0.009724518209395905,.,.,.,.,.,.,.,.,.,4694.585002764328,.,.,.,.,105.13184102531474,.,.,.,.,0.011456557280761004,.,.,.,.,.,.,.,.,.,16.843306465121763,.,.,.,.,0.0036739303559181406,.,.,.,.,.,.,.,.,.,.,.,.,.
,2018-11-01 00:00:00,105.67964751287349,.,.,.,.,0.0089273821593987,.,.,.,.,.,.,.,.,.,4736.495357163787,.,.,.,.,106.8860302745147,.,.,.,.,0.016685613341228978,.,.,.,.,.,.,.,.,.,17.124347364186605,.,.,.,.,0.003700361478666848,.,.,.,.,.,.,.,.,.,.,.,.,.
,2018-12-01 00:00:00,105.88099459961767,.,.,.,.,0.0019052588789119085,.,.,.,.,.,.,.,.,.,4745.519606997948,.,.,.,.,108.4423890860207,.,.,.,.,0.0145609188357807,.,.,.,.,.,.,.,.,.,17.37369359627224,.,.,.,.,0.003743934512161923,.,.,.,.,.,.,.,.,.,.,.,.,.
,2019-01-01 00:00:00,106.25073775789187,.,.,.,.,0.0034920635159536584,.,.,.,.,0.06250737757891867,.,.,.,.,4762.091262881788,.,.,.,.,109.48468378317594,.,.,.,.,0.00961150621947704,.,.,.,.,0.09484683783175929,.,.,.,.,17.5406809603281,.,.,.,.,0.0037592832512383057,.,.,.,.,.,.,.,.,.,.,.,.,.
,2019-02-01 00:00:00,105.76379177327227,.,.,.,.,-0.004582989209253041,.,.,.,.,0.05652241423399529,.,.,.,.,4740.266650010522,.,.,.,.,109.67780022173743,.,.,.,.,0.0017638671628621427,.,.,.,.,0.09003012885917738,.,.,.,.,17.571620391488263,.,.,.,.,0.0037873621555612746,.,.,.,.,.,.,.,.,.,.,.,.,.
,2019-03-01 00:00:00,106.05380637663708,.,.,.,.,0.0027420972575049607,.,.,.,.,0.05232233624519789,.,.,.,.,4753.264922191358,.,.,.,.,108.7864046037346,.,.,.,.,-0.008127402411433171,.,.,.,.,0.07332997560168741,.,.,.,.,17.428808761545692,.,.,.,.,0.0037527399323510104,.,.,.,.,.,.,.,.,.,.,.,.,.
,2019-04-01 00:00:00,105.39087560552154,.,.,.,.,-0.006250890880438842,.,.,.,.,0.043392016785796406,.,.,.,.,4723.552781836923,.,.,.,.,107.17118190789516,.,.,.,.,-0.014847652165020486,.,.,.,.,0.035026828803855325,.,.,.,.,17.1700318714036,.,.,.,.,0.0037314156543899746,.,.,.,.,.,.,.,.,.,.,.,.,.
,2019-05-01 00:00:00,105.95032575822961,.,.,.,.,0.005308335750070947,.,.,.,.,0.04965361774804511,.,.,.,.,4748.626985936095,.,.,.,.,107.86596076499808,.,.,.,.,0.006482888820802835,.,.,.,.,0.037426496636546736,.,.,.,.,17.28134327907555,.,.,.,.,0.0037511741785178883,.,.,.,.,.,.,.,.,.,.,.,.,.
,2019-06-01 00:00:00,105.96643020649917,.,.,.,.,0.00015199998824266814,.,.,.,.,0.054037003332355615,.,.,.,.,4749.348777182126,.,.,.,.,110.82914217668798,.,.,.,.,0.02747095924121634,.,.,.,.,0.06782734548473357,.,.,.,.,17.7560783559285,.,.,.,.,0.003848006853566567,.,.,.,.,.,.,.,.,.,.,.,.,.
,2019-07-01 00:00:00,106.40999241999083,.,.,.,.,0.004185874834391257,.,.,.,.,0.04870693879427357,.,.,.,.,4769.228956708279,.,.,.,.,115.1680761984804,.,.,.,.,0.039149757334358215,.,.,.,.,0.11876024147870057,.,.,.,.,18.451224514772953,.,.,.,.,0.003943807647912594,.,.,.,.,.,.,.,.,.,.,.,.,.
,2019-08-01 00:00:00,106.08002135786086,.,.,.,.,-0.003100940566066468,.,.,.,.,0.03647500514101276,.,.,.,.,4754.439861167563,.,.,.,.,117.51288926773569,.,.,.,.,0.020359922182030976,.,.,.,.,0.1377891523795196,.,.,.,.,18.82689001005691,.,.,.,.,0.003997788534602221,.,.,.,.,.,.,.,.,.,.,.,.,.
,2019-09-01 00:00:00,106.2881834893783,.,.,.,.,0.0019623123077550098,.,.,.,.,0.02460492631274369,.,.,.,.,4763.769557023614,.,.,.,.,117.11980328074382,.,.,.,.,-0.003345045717463968,.,.,.,.,0.12679081675376258,.,.,.,.,18.763913202255605,.,.,.,.,0.003976516210153245,.,.,.,.,.,.,.,.,.,.,.,.,.
,2019-10-01 00:00:00,105.96756109346629,.,.,.,.,-0.0030165384842055776,.,.,.,.,0.01167610343158354,.,.,.,.,4749.399462824965,.,.,.,.,116.08884783599306,.,.,.,.,-0.008802571519689883,.,.,.,.,0.10422158219449407,.,.,.,.,18.598742514303495,.,.,.,.,0.0039382268886135946,.,.,.,.,.,.,.,.,.,.,.,.,.
,2019-11-01 00:00:00,105.43395959081542,.,.,.,.,-0.005035517446515758,.,.,.,.,-0.0023248366912668184,.,.,.,.,4725.4837789694375,.,.,.,.,115.51776189891646,.,.,.,.,-0.004919386725961927,.,.,.,.,0.08075640569897624,.,.,.,.,18.50724810725905,.,.,.,.,0.003940433255422991,.,.,.,.,.,.,.,.,.,.,.,.,.
,2019-12-01 00:00:00,105.7973099870113,.,.,.,.,0.003446236844428796,.,.,.,.,-0.000790364814033051,.,.,.,.,4741.768915276272,.,.,.,.,115.49002505679822,.,.,.,.,-0.00024010889461756335,.,.,.,.,0.06498967820772616,.,.,.,.,18.5028043523736,.,.,.,.,0.003925445155965701,.,.,.,.,.,.,.,.,.,.,.,.,.
,2020-01-01 00:00:00,106.31433129305233,.,.,.,.,0.004886904082008314,.,.,.,.,0.0005985232338374669,.,.,.,.,4764.941485144276,.,.,.,.,114.99400375548122,.,.,.,.,-0.0042949276448165374,.,.,.,.,0.050320462935399934,.,.,.,.,18.42333614645396,.,.,.,.,0.003897065641591648,.,.,.,.,.,.,.,.,.,.,.,.,.
,2020-02-01 00:00:00,106.42515517434649,.,.,.,.,0.001042417141191132,.,.,.,.,0.0062532118978109175,.,.,.,.,4769.908541825163,.,.,.,.,115.82397627043541,.,.,.,.,0.007217528634962722,.,.,.,.,0.05603846937367596,.,.,.,.,18.556307102642535,.,.,.,.,0.003920754674979705,.,.,.,.,.,.,.,.,.,.,.,.,.
,2020-03-01 00:00:00,106.41968191260116,.,.,.,.,-5.142827122361915e-05,.,.,.,.,0.0034499048027065715,.,.,.,.,4769.663233674963,.,.,.,.,117.3918372970647,.,.,.,.,0.013536584368063043,.,.,.,.,0.07910393513487501,.,.,.,.,18.807496119297145,.,.,.,.,0.003974939162724103,.,.,.,.,.,.,.,.,.,.,.,.,.
,2020-04-01 00:00:00,106.41867392426032,.,.,.,.,-9.47182253063783e-06,.,.,.,.,0.009752251443339688,.,.,.,.,4769.6180562712825,.,.,.,.,118.5869655734563,.,.,.,.,0.010180676134808886,.,.,.,.,0.10651915433173142,.,.,.,.,18.998969146194387,.,.,.,.,0.004018177222436624,.,.,.,.,.,.,.,.,.,.,.,.,.
,2020-05-01 00:00:00,106.0808819428312,.,.,.,.,-0.0031741795774445913,.,.,.,.,0.00123223957705898,.,.,.,.,4754.478432044855,.,.,.,.,118.69038945474966,.,.,.,.,0.0008721353210552341,.,.,.,.,0.10035073727599952,.,.,.,.,19.01553881825042,.,.,.,.,0.004038366205280023,.,.,.,.,.,.,.,.,.,.,.,.,.
,2020-06-01 00:00:00,106.1753590776078,.,.,.,.,0.0008906141525812927,.,.,.,.,0.001971651500399574,.,.,.,.,4758.712837824577,.,.,.,.,118.8516385021648,.,.,.,.,0.0013585686941959274,.,.,.,.,0.07238616277194554,.,.,.,.,19.041372733992162,.,.,.,.,0.004042896134303868,.,.,.,.,.,.,.,.,.,.,.,.,.
,2020-07-01 00:00:00,106.15109902953155,.,.,.,.,-0.0002284903793779991,.,.,.,.,-0.002432980066735202,.,.,.,.,4757.625517722911,.,.,.,.,119.18635287715745,.,.,.,.,0.0028162369422155553,.,.,.,.,0.03489054268608216,.,.,.,.,19.094997751316125,.,.,.,.,0.00405694573494813,.,.,.,.,.,.,.,.,.,.,.,.,.
,2020-08-01 00:00:00,106.50021074820097,.,.,.,.,0.0032888186920447815,.,.,.,.,0.003961060574475317,.,.,.,.,4773.272485455348,.,.,.,.,118.72596132242695,.,.,.,.,-0.0038627875055881056,.,.,.,.,0.010322885108606794,.,.,.,.,19.02123783258311,.,.,.,.,0.004026467669543015,.,.,.,.,.,.,.,.,.,.,.,.,.
,2020-09-01 00:00:00,106.89707907431607,.,.,.,.,0.0037264557818896815,.,.,.,.,0.005728723221604559,.,.,.,.,4791.059874307308,.,.,.,.,116.62571480262947,.,.,.,.,-0.01768986745951706,.,.,.,.,-0.004218658709065459,.,.,.,.,18.684754656408764,.,.,.,.,0.003935961955719518,.,.,.,.,.,.,.,.,.,.,.,.,.
,2020-10-01 00:00:00,107.42708133587693,.,.,.,.,0.004958061213182541,.,.,.,.,0.013773273890141713,.,.,.,.,4814.814242440146,.,.,.,.,116.45411658079435,.,.,.,.,-0.0014713583717409495,.,.,.,.,0.0031464585238827336,.,.,.,.,18.65726268622113,.,.,.,.,0.00391032368999919,.,.,.,.,.,.,.,.,.,.,.,.,.
,2020-11-01 00:00:00,108.49511922313371,.,.,.,.,0.009941979936302081,.,.,.,.,0.02903390562394237,.,.,.,.,4862.683029035507,.,.,.,.,117.63218482377533,.,.,.,.,0.0101161579991349,.,.,.,.,0.01830387717093318,.,.,.,.,18.846002503386305,.,.,.,.,0.0039107430610060044,.,.,.,.,.,.,.,.,.,.,.,.,.
,2020-12-01 00:00:00,109.79379178131137,.,.,.,.,0.011969870787521542,.,.,.,.,0.037774890446559795,.,.,.,.,4920.888716573736,.,.,.,.,120.44489179412473,.,.,.,.,0.023911032295822032,.,.,.,.,0.04290298434769313,.,.,.,.,19.296629877891917,.,.,.,.,0.003958805222494358,.,.,.,.,.,.,.,.,.,.,.,.,.
,2021-01-01 00:00:00,110.71321646874712,.,.,.,.,0.008374104514643932,.,.,.,.,0.04137622014072018,.,.,.,.,4962.096752991257,.,.,.,.,120.63845770935214,.,.,.,.,0.001607091113156267,.,.,.,.,0.04908476763599845,.,.,.,.,19.327641320282545,.,.,.,.,0.003943648129833333,.,.,.,.,.,.,.,.,.,.,.,.,.
,2021-02-01 00:00:00,111.16603360508817,.,.,.,.,0.004090000731474364,.,.,.,.,0.04454659636601099,.,.,.,.,4982.391732340638,.,.,.,.,120.30065549733628,.,.,.,.,-0.00280012044608291,.,.,.,.,0.03865071266806064,.,.,.,.,19.273521596647065,.,.,.,.,0.003915993512705604,.,.,.,.,.,.,.,.,.,.,.,.,.
,2021-03-01 00:00:00,111.49675159845151,.,.,.,.,0.0029749913947474393,.,.,.,.,0.04770799531255854,.,.,.,.,4997.214304869612,.,.,.,.,118.91085115111719,.,.,.,.,-0.011552757883766196,.,.,.,.,0.012939688900247548,.,.,.,.,19.050859268073463,.,.,.,.,0.0038591815898366705,.,.,.,.,.,.,.,.,.,.,.,.,.
,2021-04-01 00:00:00,112.34723959413725,.,.,.,.,0.007627917257614136,.,.,.,.,0.055709824707046884,.,.,.,.,5035.332642105723,.,.,.,.,119.06864668979738,.,.,.,.,0.00132700705741029,.,.,.,.,0.004061838617859914,.,.,.,.,19.076139892771927,.,.,.,.,0.0038363225123804945,.,.,.,.,.,.,.,.,.,.,.,.,.
,2021-05-01 00:00:00,113.79588304280647,.,.,.,.,0.012894339495145068,.,.,.,.,0.07272753543030519,.,.,.,.,5100.25993066402,.,.,.,.,120.99785727816614,.,.,.,.,0.01620250705792281,.,.,.,.,0.019441067082319963,.,.,.,.,19.385221184022488,.,.,.,.,0.0038488845486871304,.,.,.,.,.,.,.,.,.,.,.,.,.
,2021-06-01 00:00:00,114.7812556455572,.,.,.,.,0.00865912347971376,.,.,.,.,0.08105361397138311,.,.,.,.,5144.423711182277,.,.,.,.,122.44736451759718,.,.,.,.,0.011979610813261932,.,.,.,.,0.030253903612501576,.,.,.,.,19.617448589336078,.,.,.,.,0.003860061890951449,.,.,.,.,.,.,.,.,.,.,.,.,.
,2021-07-01 00:00:00,115.79699479036188,.,.,.,.,0.008849346864973073,.,.,.,.,0.09086948556365693,.,.,.,.,5189.948501022921,.,.,.,.,124.55728781985019,.,.,.,.,0.017231267578240006,.,.,.,.,0.04506333831884635,.,.,.,.,19.955482095181296,.,.,.,.,0.003889004631382453,.,.,.,.,.,.,.,.,.,.,.,.,.
,2021-08-01 00:00:00,116.72464359415545,.,.,.,.,0.008010992042349452,.,.,.,.,0.09600387430338664,.,.,.,.,5231.525137164819,.,.,.,.,125.81782806499777,.,.,.,.,0.010120164521972619,.,.,.,.,0.05973307491957258,.,.,.,.,20.15743485709981,.,.,.,.,0.0038969879717637127,.,.,.,.,.,.,.,.,.,.,.,.,.
,2021-09-01 00:00:00,117.8176835836546,.,.,.,.,0.009364260672318547,.,.,.,.,0.10215998981362628,.,.,.,.,5280.514502263018,.,.,.,.,128.70453970954574,.,.,.,.,0.02294358191477186,.,.,.,.,0.10356913933910517,.,.,.,.,20.619918614935358,.,.,.,.,0.003951652055388441,.,.,.,.,.,.,.,.,.,.,.,.,.
,2021-10-01 00:00:00,118.67795959503985,.,.,.,.,0.007301756283252914,.,.,.,.,0.10473037263282237,.,.,.,.,5319.071532208724,.,.,.,.,131.9195690505771,.,.,.,.,0.024979921829384466,.,.,.,.,0.13280296930553792,.,.,.,.,21.135002570064714,.,.,.,.,0.004025561728158283,.,.,.,.,.,.,.,.,.,.,.,.,.
,2021-11-01 00:00:00,119.29789327752347,.,.,.,.,0.005223663135084156,.,.,.,.,0.09956921686193554,.,.,.,.,5346.856570084399,.,.,.,.,134.78494762858048,.,.,.,.,0.021720648411948762,.,.,.,.,0.1458169193278327,.,.,.,.,21.594068530074722,.,.,.,.,0.00409559789923669,.,.,.,.,.,.,.,.,.,.,.,.,.
,2021-12-01 00:00:00,120.11465889620555,.,.,.,.,0.006846437906342873,.,.,.,.,0.09400228325706617,.,.,.,.,5383.463491585603,.,.,.,.,138.13937654867203,.,.,.,.,0.024887266561360866,.,.,.,.,0.14690938312927626,.,.,.,.,22.131485869726987,.,.,.,.,0.004173461992593911,.,.,.,.,.,.,.,.,.,.,.,.,.
,2022-01-01 00:00:00,121.8026290662605,.,.,.,.,0.01405299058055487,.,.,.,.,0.10016340371290511,.,.,.,.,5459.117253323617,.,.,.,.,140.22411949084682,.,.,.,.,0.015091590785052178,.,.,.,.,0.16235006774275407,.,.,.,.,22.46548519793807,.,.,.,.,0.0041673073440361376,.,.,.,.,.,.,.,.,.,.,.,.,.
,2022-02-01 00:00:00,123.26021408229671,.,.,.,.,0.011966777952250096,.,.,.,.,0.10879384723010377,.,.,.,.,5524.445297309438,.,.,.,.,143.00449879768436,.,.,.,.,0.019828110291817858,.,.,.,.,0.18872584863721542,.,.,.,.,22.910933316201987,.,.,.,.,0.004203802308398547,.,.,.,.,.,.,.,.,.,.,.,.,.
,2022-03-01 00:00:00,124.71552907573023,.,.,.,.,0.011806851093588477,.,.,.,.,0.11855751210479482,.,.,.,.,5589.671600309446,.,.,.,.,147.6713248515023,.,.,.,.,0.03263412055602766,.,.,.,.,0.24186584674122824,.,.,.,.,23.65861147609403,.,.,.,.,0.0042973884287467986,.,.,.,.,.,.,.,.,.,.,.,.,.
,2022-04-01 00:00:00,125.87003754789743,.,.,.,.,0.009257134863022154,.,.,.,.,0.12036609001353571,.,.,.,.,5641.415944153516,.,.,.,.,151.61236583904642,.,.,.,.,0.026687923274929748,.,.,.,.,0.2733189639253506,.,.,.,.,24.2900106839594,.,.,.,.,0.004377903209914748,.,.,.,.,.,.,.,.,.,.,.,.,.
,2022-05-01 00:00:00,126.64842248369216,.,.,.,.,0.0061840367331147394,.,.,.,.,0.11294379987412162,.,.,.,.,5676.30266757894,.,.,.,.,154.26952015590683,.,.,.,.,0.017525973571847597,.,.,.,.,0.274977289897385,.,.,.,.,24.71571676926637,.,.,.,.,0.0044310001498624975,.,.,.,.,.,.,.,.,.,.,.,.,.
,2022-06-01 00:00:00,127.77464687359755,.,.,.,.,0.008892526000869871,.,.,.,.,0.11320133374532637,.,.,.,.,5726.7793366391925,.,.,.,.,152.1583028744401,.,.,.,.,-0.013685252143995186,.,.,.,.,0.24264253031410155,.,.,.,.,24.377475953359387,.,.,.,.,0.004333095120205277,.,.,.,.,.,.,.,.,.,.,.,.,.
,2022-07-01 00:00:00,128.26808412387493,.,.,.,.,0.0038617774523417303,.,.,.,.,0.10769786691002325,.,.,.,.,5748.8948839559625,.,.,.,.,150.97456820933215,.,.,.,.,-0.007779625841941362,.,.,.,.,0.21208939959972328,.,.,.,.,24.187828311471325,.,.,.,.,0.004281364763481393,.,.,.,.,.,.,.,.,.,.,.,.,.
,2022-08-01 00:00:00,129.04732940104614,.,.,.,.,0.006075129931921719,.,.,.,.,0.10557055843096785,.,.,.,.,5783.820167340955,.,.,.,.,149.83276142163174,.,.,.,.,-0.0075629081191823655,.,.,.,.,0.19087067171615613,.,.,.,.,24.00489798834911,.,.,.,.,0.004224108055043578,.,.,.,.,.,.,.,.,.,.,.,.,.
,2022-09-01 00:00:00,129.97567740217872,.,.,.,.,0.0071938567457487945,.,.,.,.,0.10319328515648096,.,.,.,.,5825.428141067978,.,.,.,.,150.76148876589517,.,.,.,.,0.006198426401886614,.,.,.,.,0.1713766204838345,.,.,.,.,24.15369058181469,.,.,.,.,0.004215665352069961,.,.,.,.,.,.,.,.,.,.,.,.,.
,2022-10-01 00:00:00,130.68684267026035,.,.,.,.,0.005471525767710261,.,.,.,.,0.10118882323388378,.,.,.,.,5857.302121249776,.,.,.,.,150.45806323393845,.,.,.,.,-0.002012619631449053,.,.,.,.,0.14052876549538906,.,.,.,.,24.105078389977784,.,.,.,.,0.004184899276591687,.,.,.,.,.,.,.,.,.,.,.,.,.
,2022-11-01 00:00:00,131.6172266612806,.,.,.,.,0.0071191863848736325,.,.,.,.,0.10326530540735179,.,.,.,.,5899.001346763469,.,.,.,.,151.94171649995187,.,.,.,.,0.009860908974393512,.,.,.,.,0.12728994723245624,.,.,.,.,24.34277637380198,.,.,.,.,0.004196741944552829,.,.,.,.,.,.,.,.,.,.,.,.,.
,2022-12-01 00:00:00,132.75862229758096,.,.,.,.,0.008672083930455043,.,.,.,.,0.10526578119246377,.,.,.,.,5950.157981548469,.,.,.,.,153.30171251505857,.,.,.,.,0.0089507743260695,.,.,.,.,0.10976114374632528,.,.,.,.,24.560663071593854,.,.,.,.,0.0041933850501478034,.,.,.,.,.,.,.,.,.,.,.,.,.
,2023-01-01 00:00:00,133.88764444135396,.,.,.,.,0.008504322538405606,.,.,.,.,0.09921801744130843,.,.,.,.,6000.760044178027,.,.,.,.,156.11025818383254,.,.,.,.,0.018320380266450664,.,.,.,.,0.11329105685005003,.,.,.,.,25.010623758661627,.,.,.,.,0.004147094984934589,.,.,.,.,.,.,.,.,.,.,.,.,.
,2023-02-01 00:00:00,135.263957948644,.,.,.,.,0.010279615516672225,.,.,.,.,0.097385388754337,.,.,.,.,6062.445550239986,.,.,.,.,158.13246681254375,.,.,.,.,0.01295372035276432,.,.,.,.,0.10578665805655318,.,.,.,.,25.334604384679537,.,.,.,.,0.004156555530166259,.,.,.,.,.,.,.,.,.,.,.,.,.
,2023-03-01 00:00:00,135.83782124887227,.,.,.,.,0.004242544051876518,.,.,.,.,0.08918129326451663,.,.,.,.,6088.165742548982,.,.,.,.,161.18587300123934,.,.,.,.,0.019309166866505745,.,.,.,.,0.0915177551452675,.,.,.,.,25.82379448824022,.,.,.,.,0.004222178279418361,.,.,.,.,.,.,.,.,.,.,.,.,.
,2023-04-01 00:00:00,136.92516450774818,.,.,.,.,0.008004716572152182,.,.,.,.,0.08782969462167634,.,.,.,.,6136.899783762374,.,.,.,.,163.73642502681028,.,.,.,.,0.01582366976758154,.,.,.,.,0.07996748234002826,.,.,.,.,26.232421684368024,.,.,.,.,0.004255772129793244,.,.,.,.,.,.,.,.,.,.,.,.,.
,2023-05-01 00:00:00,137.86572237057302,.,.,.,.,0.006869138088723137,.,.,.,.,0.08857038774663972,.,.,.,.,6179.054995813693,.,.,.,.,167.04563472174493,.,.,.,.,0.020210589637539744,.,.,.,.,0.08281684258125899,.,.,.,.,26.762594394229684,.,.,.,.,0.004318737618722877,.,.,.,.,.,.,.,.,.,.,.,.,.
,2023-06-01 00:00:00,138.85664881725432,.,.,.,.,0.007187620168686681,.,.,.,.,0.08673083600551657,.,.,.,.,6223.467696125028,.,.,.,.,169.25280861227907,.,.,.,.,0.013212999514837565,.,.,.,.,0.11234684808455864,.,.,.,.,27.116208540976434,.,.,.,.,0.004354399287230896,.,.,.,.,.,.,.,.,.,.,.,.,.
,2023-07-01 00:00:00,140.60884807132385,.,.,.,.,0.012618763804213229,.,.,.,.,0.09621071392577152,.,.,.,.,6302.000165025582,.,.,.,.,173.73300274355753,.,.,.,.,0.02647042709667291,.,.,.,.,0.15074349808816767,.,.,.,.,27.83398616229853,.,.,.,.,0.004415270938529877,.,.,.,.,.,.,.,.,.,.,.,.,.
,2023-08-01 00:00:00,142.412749401978,.,.,.,.,0.012829216335938698,.,.,.,.,0.10356990774598329,.,.,.,.,6382.849888491816,.,.,.,.,175.91561359454232,.,.,.,.,0.012563018059421172,.,.,.,.,0.1740797668375944,.,.,.,.,28.183665033121166,.,.,.,.,0.004420032321003545,.,.,.,.,.,.,.,.,.,.,.,.,.
,2023-09-01 00:00:00,144.29388765777216,.,.,.,.,0.013209057922787482,.,.,.,.,0.11016068961340486,.,.,.,.,6467.161322381363,.,.,.,.,175.4166295433745,.,.,.,.,-0.002836496664348931,.,.,.,.,0.1635373926013972,.,.,.,.,28.10372216126559,.,.,.,.,0.004342910850949601,.,.,.,.,.,.,.,.,.,.,.,.,.
,2023-10-01 00:00:00,145.4186835287736,.,.,.,.,0.007795173373311481,.,.,.,.,0.11272627417959424,.,.,.,.,6517.5739661225,.,.,.,.,173.18682681535654,.,.,.,.,-0.01271146717288063,.,.,.,.,0.15106377878916644,.,.,.,.,27.746482619576906,.,.,.,.,0.00425978410911727,.,.,.,.,.,.,.,.,.,.,.,.,.
,2023-11-01 00:00:00,146.41462521454432,.,.,.,.,0.006848787663337852,.,.,.,.,0.11242752129510447,.,.,.,.,6562.211446296572,.,.,.,.,172.08008702543583,.,.,.,.,-0.006390438639427565,.,.,.,.,0.1325401014901022,.,.,.,.,27.569170424936555,.,.,.,.,0.004204652743160912,.,.,.,.,.,.,.,.,.,.,.,.,.
,2023-12-01 00:00:00,147.31505416937105,.,.,.,.,0.0061498566383468845,.,.,.,.,0.10964584913484243,.,.,.,.,6602.568105921815,.,.,.,.,175.8118648053433,.,.,.,.,0.021686284824785407,.,.,.,.,0.14683562186608712,.,.,.,.,28.16704330715478,.,.,.,.,0.004280362863559576,.,.,.,.,.,.,.,.,.,.,.,.,.
,2024-01-01 00:00:00,147.61964036392914,.,.,.,.,0.002067583630712244,.,.,.,.,0.10256357843826369,.,.,.,.,6616.219467658282,.,.,.,.,179.9234061377704,.,.,.,.,0.02338602879264906,.,.,.,.,0.15254057120254028,.,.,.,.,28.8257585929397,.,.,.,.,0.004280658903770339,.,.,.,.,.,.,.,.,.,.,.,.,.
,2024-02-01 00:00:00,147.88018047247155,.,.,.,.,0.0017649420354912682,.,.,.,.,0.09327113234863038,.,.,.,.,6627.896711512789,.,.,.,.,180.5429378316581,.,.,.,.,0.00344330794523362,.,.,.,.,0.14171960680080042,.,.,.,.,28.925014556530154,.,.,.,.,0.004291951342164067,.,.,.,.,.,.,.,.,.,.,.,.,.
,2024-03-01 00:00:00,148.29733699115482,.,.,.,.,0.0028209089098381046,.,.,.,.,0.09172346573091095,.,.,.,.,6646.593404399782,.,.,.,.,181.05965800579142,.,.,.,.,0.0028620348175298904,.,.,.,.,0.12329731281350731,.,.,.,.,29.0077989552885,.,.,.,.,0.004290312781346569,.,.,.,.,.,.,.,.,.,.,.,.,.
,2024-04-01 00:00:00,149.4208662712371,.,.,.,.,0.007576193226917383,.,.,.,.,0.09125935183946265,.,.,.,.,6696.949280332269,.,.,.,.,182.999386324974,.,.,.,.,0.010713199950485697,.,.,.,.,0.11764615781130927,.,.,.,.,29.318565305619995,.,.,.,.,0.004284458713752733,.,.,.,.,.,.,.,.,.,.,.,.,.
,2024-05-01 00:00:00,151.65234627197313,.,.,.,.,0.014934192636022692,.,.,.,.,0.10000037474393131,.,.,.,.,6796.962810958425,.,.,.,.,186.19095826664832,.,.,.,.,0.017440342318999047,.,.,.,.,0.11461133705645521,.,.,.,.,29.82989112085194,.,.,.,.,0.004250446930077863,.,.,.,.,.,.,.,.,.,.,.,.,.
,2024-06-01 00:00:00,154.8212677989632,.,.,.,.,0.020895961090551918,.,.,.,.,0.11497194493523666,.,.,.,.,6938.99188139014,.,.,.,.,190.71149290605192,.,.,.,.,0.024279023436410085,.,.,.,.,0.12678480475281195,.,.,.,.,30.554131746480664,.,.,.,.,0.004241476366889179,.,.,.,.,.,.,.,.,.,.,.,.,.
,2024-07-01 00:00:00,159.70674415535214,.,.,.,.,0.03155558939572045,.,.,.,.,0.13582286140585476,.,.,.,.,7157.955860019525,.,.,.,.,193.8278448429551,.,.,.,.,0.016340661432703296,.,.,.,.,0.11566508252354901,.,.,.,.,31.053406468720112,.,.,.,.,0.004207811026569659,.,.,.,.,.,.,.,.,.,.,.,.,.
,2024-08-01 00:00:00,163.47477133499652,.,.,.,.,0.02359341303695417,.,.,.,.,0.14789421608291753,.,.,.,.,7326.836469125251,.,.,.,.,196.89941258401734,.,.,.,.,0.015846885897900398,.,.,.,.,0.11928332318380419,.,.,.,.,31.54550625777104,.,.,.,.,0.00422193593278107,.,.,.,.,.,.,.,.,.,.,.,.,.
,2024-09-01 00:00:00,166.00976256647394,.,.,.,.,0.015506926302913504,.,.,.,.,0.15049753846958658,.,.,.,.,7440.453182285475,.,.,.,.,198.68597231355372,.,.,.,.,0.009073463989000219,.,.,.,.,0.1326518633424405,.,.,.,.,31.831733272815708,.,.,.,.,0.004215935297894231,.,.,.,.,.,.,.,.,.,.,.,.,.
,2024-10-01 00:00:00,167.67830574545602,.,.,.,.,0.01005087383529002,.,.,.,.,0.1530726429130267,.,.,.,.,7515.236238498008,.,.,.,.,200.9108436463376,.,.,.,.,0.011197928605008567,.,.,.,.,0.16008155666792767,.,.,.,.,32.18818274937838,.,.,.,.,0.004228833279017948,.,.,.,.,.,.,.,.,.,.,.,.,.
,2024-11-01 00:00:00,168.87049305448292,.,.,.,.,0.007109967528158956,.,.,.,.,0.15337175372360212,.,.,.,.,7568.669324120173,.,.,.,.,204.59119289120423,.,.,.,.,0.01831832059470684,.,.,.,.,0.18893008730849137,.,.,.,.,32.7778162003425,.,.,.,.,0.004283575705165506,.,.,.,.,.,.,.,.,.,.,.,.,.
,2024-12-01 00:00:00,169.86523394016078,.,.,.,.,0.005890554754032218,.,.,.,.,0.15307451025923902,.,.,.,.,7613.252985189067,.,.,.,.,207.35715219830072,.,.,.,.,0.01351944464475241,.,.,.,.,0.17942638528909272,.,.,.,.,33.2209540720389,.,.,.,.,0.004326367106302944,.,.,.,.,.,.,.,.,.,.,.,.,.
,2025-01-01 00:00:00,169.8651121538222,.,.,.,.,-7.16958589830341e-07,.,.,.,.,0.15069452638585856,.,.,.,.,7613.2475268019425,.,.,.,.,208.80941317136475,.,.,.,.,0.007003669551148173,.,.,.,.,0.16054613267756745,.,.,.,.,33.453622656533334,.,.,.,.,0.004324405609767063,.,.,.,.,.,.,.,.,.,.,.,.,.
,2025-02-01 00:00:00,170.04155990919344,.,.,.,.,0.0010387521789139154,.,.,.,.,0.149860375919999,.,.,.,.,7621.155804259019,.,.,.,.,209.41101655758217,.,.,.,.,0.002881112384161,.,.,.,.,0.15989591768381017,.,.,.,.,33.55000630306412,.,.,.,.,0.004325897657195808,.,.,.,.,.,.,.,.,.,.,.,.,.
,2025-03-01 00:00:00,170.55732069077592,.,.,.,.,0.0030331454372560795,.,.,.,.,0.15010373180840597,.,.,.,.,7644.271878213325,.,.,.,.,212.75307877022476,.,.,.,.,0.015959342863528958,.,.,.,.,0.1750440772588866,.,.,.,.,34.08544235672828,.,.,.,.,0.004376234775404384,.,.,.,.,.,.,.,.,.,.,.,.,.
,2025-04-01 00:00:00,172.05881475354852,.,.,.,.,0.008803457140927007,.,.,.,.,0.15150459937247152,.,.,.,.,7711.56789806677,.,.,.,.,216.59031049475004,.,.,.,.,0.018036080825272194,.,.,.,.,0.18355757822118912,.,.,.,.,34.70021015003939,.,.,.,.,0.004419729086750702,.,.,.,.,.,.,.,.,.,.,.,.,.
,2025-05-01 00:00:00,172.78830557601242,.,.,.,.,0.004239775936552892,.,.,.,.,0.1393711328813474,.,.,.,.,7744.2632180740875,.,.,.,.,220.55462045932046,.,.,.,.,0.018303265531661506,.,.,.,.,0.1845613906957777,.,.,.,.,35.335337310420016,.,.,.,.,0.004468956583355759,.,.,.,.,.,.,.,.,.,.,.,.,.
,2025-06-01 00:00:00,173.2526046545996,.,.,.,.,0.002687097816251871,.,.,.,.,0.11904912753698449,.,.,.,.,7765.072810855855,.,.,.,.,222.30593779030204,.,.,.,.,0.007940515267076842,.,.,.,.,0.16566618195272653,.,.,.,.,35.61591809580072,.,.,.,.,0.004475934343602427,.,.,.,.,.,.,.,.,.,.,.,.,.
,2025-07-01 00:00:00,173.37773233529518,.,.,.,.,0.0007222268371955831,.,.,.,.,0.0856005690445032,.,.,.,.,7770.680954832633,.,.,.,.,222.0824691074492,.,.,.,.,-0.00100523038239142,.,.,.,.,0.14577175063462544,.,.,.,.,35.58011589283406,.,.,.,.,0.004440021095992134,.,.,.,.,.,.,.,.,.,.,.,.,.
,2025-08-01 00:00:00,175.277335036836,.,.,.,.,0.010956439883913038,.,.,.,.,0.07219807439065562,.,.,.,.,7855.819953571324,.,.,.,.,223.50640207705493,.,.,.,.,0.006411730630195622,.,.,.,.,0.13512985713801617,.,.,.,.,35.808246011730056,.,.,.,.,0.00442988066999685,.,.,.,.,.,.,.,.,.,.,.,.,.
,2025-09-01 00:00:00,177.02442487109707,.,.,.,.,0.00996757415266436,.,.,.,.,0.06634948532145879,.,.,.,.,7934.123421488526,.,.,.,.,226.57880827758973,.,.,.,.,0.013746390134612652,.,.,.,.,0.14038653881421115,.,.,.,.,36.300480131443486,.,.,.,.,0.004449388825646352,.,.,.,.,.,.,.,.,.,.,.,.,.
,2025-10-01 00:00:00,179.18642220189386,.,.,.,.,0.012212988870722752,.,.,.,.,0.0686321131721579,.,.,.,.,8031.022782534106,.,.,.,.,230.84008845634952,.,.,.,.,0.018807055307392906,.,.,.,.,0.14896779221482048,.,.,.,.,36.98318526896046,.,.,.,.,0.004491541450473361,.,.,.,.,.,.,.,.,.,.,.,.,.
,2025-11-01 00:00:00,180.6147581190331,.,.,.,.,0.007971228509322525,.,.,.,.,0.06954598670332013,.,.,.,.,8095.03990029726,.,.,.,.,233.20857844980563,.,.,.,.,0.0102603062115183,.,.,.,.,0.1398759406707175,.,.,.,.,37.36264407449731,.,.,.,.,0.004495920518237354,.,.,.,.,.,.,.,.,.,.,.,.,.
,2025-12-01 00:00:00,181.737170672547,.,.,.,.,0.0062144011109777075,.,.,.,.,0.06989032691980035,.,.,.,.,8145.345725247076,.,.,.,.,231.1875292419935,.,.,.,.,-0.008666273004391711,.,.,.,.,0.114924307124469,.,.,.,.,37.0388492007818,.,.,.,.,0.004427605703684275,.,.,.,.,.,.,.,.,.,.,.,.,.
,2026-01-01 00:00:00,181.94988650156523,.,.,.,.,0.0011704585706437953,.,.,.,.,0.07114335718802356,.,.,.,.,8154.879514962049,.,.,.,.,,,,,,,,,,,,,,,,,,,,,,,,,,,,,,,,,,
,,,,,,,,,,,,,,,,,,,,,,,,,,,,,,,,,,,,,,,,,,,,,,,,,,,,,,,
,,,Nota: Os preços considerados para o cálculo são médias móveis trimestrais.,,,,,,,,,,,,,,,,,,,,,,,,,,,,,,,,,,,,,,,,,,,,,,,,,,,,
,,,Fonte: ZAP e IBGE.,,,,,,,,,,,,,,,,,,,,,,,,,,,,,,,,,,,,,,,,,,,,,,,,,,,,
,,,Note: Monthly prices are 3-months moving averages.,,,,,,,,,,,,,,,,,,,,,,,,,,,,,,,,,,,,,,,,,,,,,,,,,,,,
,,,Source: ZAP and IBGE.,,,,,,,,,,,,,,,,,,,,,,,,,,,,,,,,,,,,,,,,,,,,,,,,,,,,
