Unnamed: 0,Vila Velha,Imóveis residenciais,Unnamed: 3,Unnamed: 4,Unnamed: 5,Unnamed: 6,Unnamed: 7,Unnamed: 8,Unnamed: 9,Unnamed: 10,Unnamed: 11,Unnamed: 12,Unnamed: 13,Unnamed: 14,Unnamed: 15,Unnamed: 16,Unnamed: 17,Unnamed: 18,Unnamed: 19,Unnamed: 20,Unnamed: 21,Imóveis residenciais.1,Unnamed: 23,Unnamed: 24,Unnamed: 25,Unnamed: 26,Unnamed: 27,Unnamed: 28,Unnamed: 29,Unnamed: 30,Unnamed: 31,Unnamed: 32,Unnamed: 33,Unnamed: 34,Unnamed: 35,Unnamed: 36,Unnamed: 37,Unnamed: 38,Unnamed: 39,Unnamed: 40,Unnamed: 41,Imóveis residenciais.2,Unnamed: 43,Unnamed: 44,Unnamed: 45,Unnamed: 46,Imóveis comerciais,Unnamed: 48,Unnamed: 49,Unnamed: 50,Imóveis comerciais.1,Unnamed: 52,Unnamed: 53,Unnamed: 54,Imóveis comerciais.2
,,Venda,,,,,,,,,,,,,,,,,,,,Locação,,,,,,,,,,,,,,,,,,,,Rentabilidade do aluguel (rental yield),,,,,Venda,,,,Locação,,,,Rentabilidade do aluguel (rental yield)
,,Número-Índice,,,,,Var. mensal (%),,,,,Var. em 12 meses (%),,,,,Preço médio (R$/m²),,,,,Número-Índice,,,,,Var. mensal (%),,,,,Var. em 12 meses (%),,,,,Preço médio (R$/m²),,,,,(% - mensalizada),,,,,Número-Índice,Var. mensal (%),Var. em 12 meses (%),Preço médio (R$/m²),Número-Índice,Var. mensal (%),Var. em 12 meses (%),Preço médio (R$/m²),(% - mensalizada)
,Data,Total,1D,2D,3D,4D,Total,1D,2D,3D,4D,Total,1D,2D,3D,4D,Total,1D,2D,3D,4D,Total,1D,2D,3D,4D,Total,1D,2D,3D,4D,Total,1D,2D,3D,4D,Total,1D,2D,3D,4D,Total,1D,2D,3D,4D,Total,Total,Total,Total,Total,Total,Total,Total,Total
,2008-01-01 00:00:00,.,.,.,.,.,.,.,.,.,.,.,.,.,.,.,.,.,.,.,.,.,.,.,.,.,.,.,.,.,.,.,.,.,.,.,.,.,.,.,.,.,.,.,.,.,.,.,.,.,.,.,.,.,.
,2008-02-01 00:00:00,.,.,.,.,.,.,.,.,.,.,.,.,.,.,.,.,.,.,.,.,.,.,.,.,.,.,.,.,.,.,.,.,.,.,.,.,.,.,.,.,.,.,.,.,.,.,.,.,.,.,.,.,.,.
,2008-03-01 00:00:00,.,.,.,.,.,.,.,.,.,.,.,.,.,.,.,.,.,.,.,.,.,.,.,.,.,.,.,.,.,.,.,.,.,.,.,.,.,.,.,.,.,.,.,.,.,.,.,.,.,.,.,.,.,.
,2008-04-01 00:00:00,.,.,.,.,.,.,.,.,.,.,.,.,.,.,.,.,.,.,.,.,.,.,.,.,.,.,.,.,.,.,.,.,.,.,.,.,.,.,.,.,.,.,.,.,.,.,.,.,.,.,.,.,.,.
,2008-05-01 00:00:00,.,.,.,.,.,.,.,.,.,.,.,.,.,.,.,.,.,.,.,.,.,.,.,.,.,.,.,.,.,.,.,.,.,.,.,.,.,.,.,.,.,.,.,.,.,.,.,.,.,.,.,.,.,.
,2008-06-01 00:00:00,.,.,.,.,.,.,.,.,.,.,.,.,.,.,.,.,.,.,.,.,.,.,.,.,.,.,.,.,.,.,.,.,.,.,.,.,.,.,.,.,.,.,.,.,.,.,.,.,.,.,.,.,.,.
,2008-07-01 00:00:00,.,.,.,.,.,.,.,.,.,.,.,.,.,.,.,.,.,.,.,.,.,.,.,.,.,.,.,.,.,.,.,.,.,.,.,.,.,.,.,.,.,.,.,.,.,.,.,.,.,.,.,.,.,.
,2008-08-01 00:00:00,.,.,.,.,.,.,.,.,.,.,.,.,.,.,.,.,.,.,.,.,.,.,.,.,.,.,.,.,.,.,.,.,.,.,.,.,.,.,.,.,.,.,.,.,.,.,.,.,.,.,.,.,.,.
,2008-09-01 00:00:00,.,.,.,.,.,.,.,.,.,.,.,.,.,.,.,.,.,.,.,.,.,.,.,.,.,.,.,.,.,.,.,.,.,.,.,.,.,.,.,.,.,.,.,.,.,.,.,.,.,.,.,.,.,.
,2008-10-01 00:00:00,.,.,.,.,.,.,.,.,.,.,.,.,.,.,.,.,.,.,.,.,.,.,.,.,.,.,.,.,.,.,.,.,.,.,.,.,.,.,.,.,.,.,.,.,.,.,.,.,.,.,.,.,.,.
,2008-11-01 00:00:00,.,.,.,.,.,.,.,.,.,.,.,.,.,.,.,.,.,.,.,.,.,.,.,.,.,.,.,.,.,.,.,.,.,.,.,.,.,.,.,.,.,.,.,.,.,.,.,.,.,.,.,.,.,.
,2008-12-01 00:00:00,.,.,.,.,.,.,.,.,.,.,.,.,.,.,.,.,.,.,.,.,.,.,.,.,.,.,.,.,.,.,.,.,.,.,.,.,.,.,.,.,.,.,.,.,.,.,.,.,.,.,.,.,.,.
,2009-01-01 00:00:00,.,.,.,.,.,.,.,.,.,.,.,.,.,.,.,.,.,.,.,.,.,.,.,.,.,.,.,.,.,.,.,.,.,.,.,.,.,.,.,.,.,.,.,.,.,.,.,.,.,.,.,.,.,.
,2009-02-01 00:00:00,.,.,.,.,.,.,.,.,.,.,.,.,.,.,.,.,.,.,.,.,.,.,.,.,.,.,.,.,.,.,.,.,.,.,.,.,.,.,.,.,.,.,.,.,.,.,.,.,.,.,.,.,.,.
,2009-03-01 00:00:00,.,.,.,.,.,.,.,.,.,.,.,.,.,.,.,.,.,.,.,.,.,.,.,.,.,.,.,.,.,.,.,.,.,.,.,.,.,.,.,.,.,.,.,.,.,.,.,.,.,.,.,.,.,.
,2009-04-01 00:00:00,.,.,.,.,.,.,.,.,.,.,.,.,.,.,.,.,.,.,.,.,.,.,.,.,.,.,.,.,.,.,.,.,.,.,.,.,.,.,.,.,.,.,.,.,.,.,.,.,.,.,.,.,.,.
,2009-05-01 00:00:00,.,.,.,.,.,.,.,.,.,.,.,.,.,.,.,.,.,.,.,.,.,.,.,.,.,.,.,.,.,.,.,.,.,.,.,.,.,.,.,.,.,.,.,.,.,.,.,.,.,.,.,.,.,.
,2009-06-01 00:00:00,.,.,.,.,.,.,.,.,.,.,.,.,.,.,.,.,.,.,.,.,.,.,.,.,.,.,.,.,.,.,.,.,.,.,.,.,.,.,.,.,.,.,.,.,.,.,.,.,.,.,.,.,.,.
,2009-07-01 00:00:00,.,.,.,.,.,.,.,.,.,.,.,.,.,.,.,.,.,.,.,.,.,.,.,.,.,.,.,.,.,.,.,.,.,.,.,.,.,.,.,.,.,.,.,.,.,.,.,.,.,.,.,.,.,.
,2009-08-01 00:00:00,.,.,.,.,.,.,.,.,.,.,.,.,.,.,.,.,.,.,.,.,.,.,.,.,.,.,.,.,.,.,.,.,.,.,.,.,.,.,.,.,.,.,.,.,.,.,.,.,.,.,.,.,.,.
,2009-09-01 00:00:00,.,.,.,.,.,.,.,.,.,.,.,.,.,.,.,.,.,.,.,.,.,.,.,.,.,.,.,.,.,.,.,.,.,.,.,.,.,.,.,.,.,.,.,.,.,.,.,.,.,.,.,.,.,.
,2009-10-01 00:00:00,.,.,.,.,.,.,.,.,.,.,.,.,.,.,.,.,.,.,.,.,.,.,.,.,.,.,.,.,.,.,.,.,.,.,.,.,.,.,.,.,.,.,.,.,.,.,.,.,.,.,.,.,.,.
,2009-11-01 00:00:00,.,.,.,.,.,.,.,.,.,.,.,.,.,.,.,.,.,.,.,.,.,.,.,.,.,.,.,.,.,.,.,.,.,.,.,.,.,.,.,.,.,.,.,.,.,.,.,.,.,.,.,.,.,.
,2009-12-01 00:00:00,.,.,.,.,.,.,.,.,.,.,.,.,.,.,.,.,.,.,.,.,.,.,.,.,.,.,.,.,.,.,.,.,.,.,.,.,.,.,.,.,.,.,.,.,.,.,.,.,.,.,.,.,.,.
,2010-01-01 00:00:00,.,.,.,.,.,.,.,.,.,.,.,.,.,.,.,.,.,.,.,.,.,.,.,.,.,.,.,.,.,.,.,.,.,.,.,.,.,.,.,.,.,.,.,.,.,.,.,.,.,.,.,.,.,.
,2010-02-01 00:00:00,.,.,.,.,.,.,.,.,.,.,.,.,.,.,.,.,.,.,.,.,.,.,.,.,.,.,.,.,.,.,.,.,.,.,.,.,.,.,.,.,.,.,.,.,.,.,.,.,.,.,.,.,.,.
,2010-03-01 00:00:00,.,.,.,.,.,.,.,.,.,.,.,.,.,.,.,.,.,.,.,.,.,.,.,.,.,.,.,.,.,.,.,.,.,.,.,.,.,.,.,.,.,.,.,.,.,.,.,.,.,.,.,.,.,.
,2010-04-01 00:00:00,.,.,.,.,.,.,.,.,.,.,.,.,.,.,.,.,.,.,.,.,.,.,.,.,.,.,.,.,.,.,.,.,.,.,.,.,.,.,.,.,.,.,.,.,.,.,.,.,.,.,.,.,.,.
,2010-05-01 00:00:00,.,.,.,.,.,.,.,.,.,.,.,.,.,.,.,.,.,.,.,.,.,.,.,.,.,.,.,.,.,.,.,.,.,.,.,.,.,.,.,.,.,.,.,.,.,.,.,.,.,.,.,.,.,.
,2010-06-01 00:00:00,.,.,.,.,.,.,.,.,.,.,.,.,.,.,.,.,.,.,.,.,.,.,.,.,.,.,.,.,.,.,.,.,.,.,.,.,.,.,.,.,.,.,.,.,.,.,.,.,.,.,.,.,.,.
,2010-07-01 00:00:00,.,.,.,.,.,.,.,.,.,.,.,.,.,.,.,.,.,.,.,.,.,.,.,.,.,.,.,.,.,.,.,.,.,.,.,.,.,.,.,.,.,.,.,.,.,.,.,.,.,.,.,.,.,.
,2010-08-01 00:00:00,.,.,.,.,.,.,.,.,.,.,.,.,.,.,.,.,.,.,.,.,.,.,.,.,.,.,.,.,.,.,.,.,.,.,.,.,.,.,.,.,.,.,.,.,.,.,.,.,.,.,.,.,.,.
,2010-09-01 00:00:00,.,.,.,.,.,.,.,.,.,.,.,.,.,.,.,.,.,.,.,.,.,.,.,.,.,.,.,.,.,.,.,.,.,.,.,.,.,.,.,.,.,.,.,.,.,.,.,.,.,.,.,.,.,.
,2010-10-01 00:00:00,.,.,.,.,.,.,.,.,.,.,.,.,.,.,.,.,.,.,.,.,.,.,.,.,.,.,.,.,.,.,.,.,.,.,.,.,.,.,.,.,.,.,.,.,.,.,.,.,.,.,.,.,.,.
,2010-11-01 00:00:00,.,.,.,.,.,.,.,.,.,.,.,.,.,.,.,.,.,.,.,.,.,.,.,.,.,.,.,.,.,.,.,.,.,.,.,.,.,.,.,.,.,.,.,.,.,.,.,.,.,.,.,.,.,.
,2010-12-01 00:00:00,.,.,.,.,.,.,.,.,.,.,.,.,.,.,.,.,.,.,.,.,.,.,.,.,.,.,.,.,.,.,.,.,.,.,.,.,.,.,.,.,.,.,.,.,.,.,.,.,.,.,.,.,.,.
,2011-01-01 00:00:00,.,.,.,.,.,.,.,.,.,.,.,.,.,.,.,.,.,.,.,.,.,.,.,.,.,.,.,.,.,.,.,.,.,.,.,.,.,.,.,.,.,.,.,.,.,.,.,.,.,.,.,.,.,.
,2011-02-01 00:00:00,.,.,.,.,.,.,.,.,.,.,.,.,.,.,.,.,.,.,.,.,.,.,.,.,.,.,.,.,.,.,.,.,.,.,.,.,.,.,.,.,.,.,.,.,.,.,.,.,.,.,.,.,.,.
,2011-03-01 00:00:00,.,.,.,.,.,.,.,.,.,.,.,.,.,.,.,.,.,.,.,.,.,.,.,.,.,.,.,.,.,.,.,.,.,.,.,.,.,.,.,.,.,.,.,.,.,.,.,.,.,.,.,.,.,.
,2011-04-01 00:00:00,.,.,.,.,.,.,.,.,.,.,.,.,.,.,.,.,.,.,.,.,.,.,.,.,.,.,.,.,.,.,.,.,.,.,.,.,.,.,.,.,.,.,.,.,.,.,.,.,.,.,.,.,.,.
,2011-05-01 00:00:00,.,.,.,.,.,.,.,.,.,.,.,.,.,.,.,.,.,.,.,.,.,.,.,.,.,.,.,.,.,.,.,.,.,.,.,.,.,.,.,.,.,.,.,.,.,.,.,.,.,.,.,.,.,.
,2011-06-01 00:00:00,.,.,.,.,.,.,.,.,.,.,.,.,.,.,.,.,.,.,.,.,.,.,.,.,.,.,.,.,.,.,.,.,.,.,.,.,.,.,.,.,.,.,.,.,.,.,.,.,.,.,.,.,.,.
,2011-07-01 00:00:00,.,.,.,.,.,.,.,.,.,.,.,.,.,.,.,.,.,.,.,.,.,.,.,.,.,.,.,.,.,.,.,.,.,.,.,.,.,.,.,.,.,.,.,.,.,.,.,.,.,.,.,.,.,.
,2011-08-01 00:00:00,.,.,.,.,.,.,.,.,.,.,.,.,.,.,.,.,.,.,.,.,.,.,.,.,.,.,.,.,.,.,.,.,.,.,.,.,.,.,.,.,.,.,.,.,.,.,.,.,.,.,.,.,.,.
,2011-09-01 00:00:00,.,.,.,.,.,.,.,.,.,.,.,.,.,.,.,.,.,.,.,.,.,.,.,.,.,.,.,.,.,.,.,.,.,.,.,.,.,.,.,.,.,.,.,.,.,.,.,.,.,.,.,.,.,.
,2011-10-01 00:00:00,.,.,.,.,.,.,.,.,.,.,.,.,.,.,.,.,.,.,.,.,.,.,.,.,.,.,.,.,.,.,.,.,.,.,.,.,.,.,.,.,.,.,.,.,.,.,.,.,.,.,.,.,.,.
,2011-11-01 00:00:00,.,.,.,.,.,.,.,.,.,.,.,.,.,.,.,.,.,.,.,.,.,.,.,.,.,.,.,.,.,.,.,.,.,.,.,.,.,.,.,.,.,.,.,.,.,.,.,.,.,.,.,.,.,.
,2011-12-01 00:00:00,.,.,.,.,.,.,.,.,.,.,.,.,.,.,.,.,.,.,.,.,.,.,.,.,.,.,.,.,.,.,.,.,.,.,.,.,.,.,.,.,.,.,.,.,.,.,.,.,.,.,.,.,.,.
,2012-01-01 00:00:00,.,.,.,.,.,.,.,.,.,.,.,.,.,.,.,.,.,.,.,.,.,.,.,.,.,.,.,.,.,.,.,.,.,.,.,.,.,.,.,.,.,.,.,.,.,.,.,.,.,.,.,.,.,.
,2012-02-01 00:00:00,.,.,.,.,.,.,.,.,.,.,.,.,.,.,.,.,.,.,.,.,.,.,.,.,.,.,.,.,.,.,.,.,.,.,.,.,.,.,.,.,.,.,.,.,.,.,.,.,.,.,.,.,.,.
,2012-03-01 00:00:00,.,.,.,.,.,.,.,.,.,.,.,.,.,.,.,.,.,.,.,.,.,.,.,.,.,.,.,.,.,.,.,.,.,.,.,.,.,.,.,.,.,.,.,.,.,.,.,.,.,.,.,.,.,.
,2012-04-01 00:00:00,.,.,.,.,.,.,.,.,.,.,.,.,.,.,.,.,.,.,.,.,.,.,.,.,.,.,.,.,.,.,.,.,.,.,.,.,.,.,.,.,.,.,.,.,.,.,.,.,.,.,.,.,.,.
,2012-05-01 00:00:00,.,.,.,.,.,.,.,.,.,.,.,.,.,.,.,.,.,.,.,.,.,.,.,.,.,.,.,.,.,.,.,.,.,.,.,.,.,.,.,.,.,.,.,.,.,.,.,.,.,.,.,.,.,.
,2012-06-01 00:00:00,100,.,.,.,.,.,.,.,.,.,.,.,.,.,.,3302.9061982720013,.,.,.,.,.,.,.,.,.,.,.,.,.,.,.,.,.,.,.,.,.,.,.,.,.,.,.,.,.,.,.,.,.,.,.,.,.,.
,2012-07-01 00:00:00,98.97189012415292,.,.,.,.,-0.010281098758470799,.,.,.,.,.,.,.,.,.,3268.9486934576016,.,.,.,.,.,.,.,.,.,.,.,.,.,.,.,.,.,.,.,.,.,.,.,.,.,.,.,.,.,.,.,.,.,.,.,.,.,.
,2012-08-01 00:00:00,97.85897737725854,.,.,.,.,-0.011244735707263195,.,.,.,.,.,.,.,.,.,3232.190229359068,.,.,.,.,.,.,.,.,.,.,.,.,.,.,.,.,.,.,.,.,.,.,.,.,.,.,.,.,.,.,.,.,.,.,.,.,.,.
,2012-09-01 00:00:00,97.91959844485923,.,.,.,.,0.0006194737491174948,.,.,.,.,.,.,.,.,.,3234.19248635831,.,.,.,.,.,.,.,.,.,.,.,.,.,.,.,.,.,.,.,.,.,.,.,.,.,.,.,.,.,.,.,.,.,.,.,.,.,.
,2012-10-01 00:00:00,98.56896576514586,.,.,.,.,0.006631637900887686,.,.,.,.,.,.,.,.,.,3255.6404798296094,.,.,.,.,.,.,.,.,.,.,.,.,.,.,.,.,.,.,.,.,.,.,.,.,.,.,.,.,.,.,.,.,.,.,.,.,.,.
,2012-11-01 00:00:00,99.18298816918352,.,.,.,.,0.006229368435300957,.,.,.,.,.,.,.,.,.,3275.921063871348,.,.,.,.,.,.,.,.,.,.,.,.,.,.,.,.,.,.,.,.,.,.,.,.,.,.,.,.,.,.,.,.,.,.,.,.,.,.
,2012-12-01 00:00:00,99.72277969872539,.,.,.,.,0.005442380185411434,.,.,.,.,.,.,.,.,.,3293.7498717583335,.,.,.,.,.,.,.,.,.,.,.,.,.,.,.,.,.,.,.,.,.,.,.,.,.,.,.,.,.,.,.,.,.,.,.,.,.,.
,2013-01-01 00:00:00,100.76951210861874,.,.,.,.,0.010496422312491288,.,.,.,.,.,.,.,.,.,3328.3224614040228,.,.,.,.,.,.,.,.,.,.,.,.,.,.,.,.,.,.,.,.,.,.,.,.,.,.,.,.,.,.,.,.,.,.,.,.,.,.
,2013-02-01 00:00:00,101.79984342459868,.,.,.,.,0.010224633367971036,.,.,.,.,.,.,.,.,.,3362.353338302262,.,.,.,.,.,.,.,.,.,.,.,.,.,.,.,.,.,.,.,.,.,.,.,.,.,.,.,.,.,.,.,.,.,.,.,.,.,.
,2013-03-01 00:00:00,102.3426380561533,.,.,.,.,0.00533197904136934,.,.,.,.,.,.,.,.,.,3380.281335831767,.,.,.,.,.,.,.,.,.,.,.,.,.,.,.,.,.,.,.,.,.,.,.,.,.,.,.,.,.,.,.,.,.,.,.,.,.,.
,2013-04-01 00:00:00,102.76978927824294,.,.,.,.,0.00417373667713407,.,.,.,.,.,.,.,.,.,3394.3897400221604,.,.,.,.,.,.,.,.,.,.,.,.,.,.,.,.,.,.,.,.,.,.,.,.,.,.,.,.,.,.,.,.,.,.,.,.,.,.
,2013-05-01 00:00:00,103.75660744817775,.,.,.,.,0.009602220427474637,.,.,.,.,.,.,.,.,.,3426.9834185226114,.,.,.,.,.,.,.,.,.,.,.,.,.,.,.,.,.,.,.,.,.,.,.,.,.,.,.,.,.,.,.,.,.,.,.,.,.,.
,2013-06-01 00:00:00,104.9621917092162,.,.,.,.,0.011619349270267823,.,.,.,.,0.049621917092161905,.,.,.,.,3466.8027358058425,.,.,.,.,.,.,.,.,.,.,.,.,.,.,.,.,.,.,.,.,.,.,.,.,.,.,.,.,.,.,.,.,.,.,.,.,.,.
,2013-07-01 00:00:00,106.78995701233488,.,.,.,.,0.017413558857290887,.,.,.,.,0.07899280167706979,.,.,.,.,3527.1721092924145,.,.,.,.,.,.,.,.,.,.,.,.,.,.,.,.,.,.,.,.,.,.,.,.,.,.,.,.,.,.,.,.,.,.,.,.,.,.
,2013-08-01 00:00:00,108.30009516957595,.,.,.,.,0.014141200160485454,.,.,.,.,0.10669555386896801,.,.,.,.,3577.0505560904003,.,.,.,.,.,.,.,.,.,.,.,.,.,.,.,.,.,.,.,.,.,.,.,.,.,.,.,.,.,.,.,.,.,.,.,.,.,.
,2013-09-01 00:00:00,109.52707332370042,.,.,.,.,0.01132942821705998,.,.,.,.,0.11854087499529142,.,.,.,.,3617.5764935944208,.,.,.,.,.,.,.,.,.,.,.,.,.,.,.,.,.,.,.,.,.,.,.,.,.,.,.,.,.,.,.,.,.,.,.,.,.,.
,2013-10-01 00:00:00,110.26004725050043,.,.,.,.,0.00669217120988671,.,.,.,.,0.1186081379123951,.,.,.,.,3641.785934854416,.,.,.,.,.,.,.,.,.,.,.,.,.,.,.,.,.,.,.,.,.,.,.,.,.,.,.,.,.,.,.,.,.,.,.,.,.,.
,2013-11-01 00:00:00,111.23810263050422,.,.,.,.,0.008870442235361386,.,.,.,.,0.12154417490182312,.,.,.,.,3674.090186623094,.,.,.,.,.,.,.,.,.,.,.,.,.,.,.,.,.,.,.,.,.,.,.,.,.,.,.,.,.,.,.,.,.,.,.,.,.,.
,2013-12-01 00:00:00,111.90787418208848,.,.,.,.,0.006021062349553217,.,.,.,.,0.12218967943107617,.,.,.,.,3696.212112714633,.,.,.,.,.,.,.,.,.,.,.,.,.,.,.,.,.,.,.,.,.,.,.,.,.,.,.,.,.,.,.,.,.,.,.,.,.,.
,2014-01-01 00:00:00,112.8864626330591,.,.,.,.,0.008744589762989547,.,.,.,.,0.12024421147717357,.,.,.,.,3728.5339713173153,.,.,.,.,.,.,.,.,.,.,.,.,.,.,.,.,.,.,.,.,.,.,.,.,.,.,.,.,.,.,.,.,.,.,.,.,.,.
,2014-02-01 00:00:00,113.52295920127871,.,.,.,.,0.005638378184358276,.,.,.,.,0.11515848534053141,.,.,.,.,3749.5568559208295,.,.,.,.,.,.,.,.,.,.,.,.,.,.,.,.,.,.,.,.,.,.,.,.,.,.,.,.,.,.,.,.,.,.,.,.,.,.
,2014-03-01 00:00:00,115.51056948771642,.,.,.,.,0.01750844322965217,.,.,.,.,0.1286651554197591,.,.,.,.,3815.205759269073,.,.,.,.,.,.,.,.,.,.,.,.,.,.,.,.,.,.,.,.,.,.,.,.,.,.,.,.,.,.,.,.,.,.,.,.,.,.
,2014-04-01 00:00:00,116.04294982359929,.,.,.,.,0.004608931790778379,.,.,.,.,0.12915430340544987,.,.,.,.,3832.7897823813296,.,.,.,.,.,.,.,.,.,.,.,.,.,.,.,.,.,.,.,.,.,.,.,.,.,.,.,.,.,.,.,.,.,.,.,.,.,.
,2014-05-01 00:00:00,116.17864753884858,.,.,.,.,0.0011693749207130635,.,.,.,.,0.11972288219692562,.,.,.,.,3837.271750629212,.,.,.,.,.,.,.,.,.,.,.,.,.,.,.,.,.,.,.,.,.,.,.,.,.,.,.,.,.,.,.,.,.,.,.,.,.,.
,2014-06-01 00:00:00,115.93245565771858,.,.,.,.,-0.002119080281492165,.,.,.,.,0.10451633840587138,.,.,.,.,3829.1402637277265,.,.,.,.,.,.,.,.,.,.,.,.,.,.,.,.,.,.,.,.,.,.,.,.,.,.,.,.,.,.,.,.,.,.,.,.,.,.
,2014-07-01 00:00:00,116.39197372880247,.,.,.,.,0.003963670643194021,.,.,.,.,0.08991497875927124,.,.,.,.,3844.3177145797363,.,.,.,.,.,.,.,.,.,.,.,.,.,.,.,.,.,.,.,.,.,.,.,.,.,.,.,.,.,.,.,.,.,.,.,.,.,.
,2014-08-01 00:00:00,117.82511102922417,.,.,.,.,0.01231302515550574,.,.,.,.,0.08795020765894979,.,.,.,.,3891.652895305113,.,.,.,.,.,.,.,.,.,.,.,.,.,.,.,.,.,.,.,.,.,.,.,.,.,.,.,.,.,.,.,.,.,.,.,.,.,.
,2014-09-01 00:00:00,118.57704913428641,.,.,.,.,0.0063818153744469655,.,.,.,.,0.08262775162301073,.,.,.,.,3916.488705584383,.,.,.,.,.,.,.,.,.,.,.,.,.,.,.,.,.,.,.,.,.,.,.,.,.,.,.,.,.,.,.,.,.,.,.,.,.,.
,2014-10-01 00:00:00,119.81703815836269,.,.,.,.,0.010457243059506504,.,.,.,.,0.08667682579665215,.,.,.,.,3957.4443799184905,.,.,.,.,.,.,.,.,.,.,.,.,.,.,.,.,.,.,.,.,.,.,.,.,.,.,.,.,.,.,.,.,.,.,.,.,.,.
,2014-11-01 00:00:00,120.65360056198338,.,.,.,.,0.006981998691329777,.,.,.,.,0.08464274119052795,.,.,.,.,3985.075251400092,.,.,.,.,.,.,.,.,.,.,.,.,.,.,.,.,.,.,.,.,.,.,.,.,.,.,.,.,.,.,.,.,.,.,.,.,.,.
,2014-12-01 00:00:00,121.5592091334916,.,.,.,.,0.0075058561641762785,.,.,.,.,0.08624357331369881,.,.,.,.,4014.9866530405193,.,.,.,.,.,.,.,.,.,.,.,.,.,.,.,.,.,.,.,.,.,.,.,.,.,.,.,.,.,.,.,.,.,.,.,.,.,.
,2015-01-01 00:00:00,122.48079504521009,.,.,.,.,0.007581374692117561,.,.,.,.,0.0849909917306706,.,.,.,.,4045.425771241071,.,.,.,.,.,.,.,.,.,.,.,.,.,.,.,.,.,.,.,.,.,.,.,.,.,.,.,.,.,.,.,.,.,.,.,.,.,.
,2015-02-01 00:00:00,123.0078536644718,.,.,.,.,0.004303193974754601,.,.,.,.,0.08355045120323323,.,.,.,.,4062.8340230451927,.,.,.,.,.,.,.,.,.,.,.,.,.,.,.,.,.,.,.,.,.,.,.,.,.,.,.,.,.,.,.,.,.,.,.,.,.,.
,2015-03-01 00:00:00,123.16219977221265,.,.,.,.,0.0012547662864020137,.,.,.,.,0.06624181941471519,.,.,.,.,4067.9319302045565,.,.,.,.,.,.,.,.,.,.,.,.,.,.,.,.,.,.,.,.,.,.,.,.,.,.,.,.,.,.,.,.,.,.,.,.,.,.
,2015-04-01 00:00:00,124.16766096606595,.,.,.,.,0.008163715780595925,.,.,.,.,0.0700146898611016,.,.,.,.,4101.141370297557,.,.,.,.,.,.,.,.,.,.,.,.,.,.,.,.,.,.,.,.,.,.,.,.,.,.,.,.,.,.,.,.,.,.,.,.,.,.
,2015-05-01 00:00:00,124.6238319608487,.,.,.,.,0.003673830941434925,.,.,.,.,0.07269136455712455,.,.,.,.,4116.208270358956,.,.,.,.,.,.,.,.,.,.,.,.,.,.,.,.,.,.,.,.,.,.,.,.,.,.,.,.,.,.,.,.,.,.,.,.,.,.
,2015-06-01 00:00:00,123.65933033231205,.,.,.,.,-0.007739303256536449,.,.,.,.,0.06664979733894771,.,.,.,.,4084.351686287584,.,.,.,.,.,.,.,.,.,.,.,.,.,.,.,.,.,.,.,.,.,.,.,.,.,.,.,.,.,.,.,.,.,.,.,.,.,.
,2015-07-01 00:00:00,123.0445444534479,.,.,.,.,-0.0049716093174046756,.,.,.,.,0.05715661064521638,.,.,.,.,4064.045885388479,.,.,.,.,.,.,.,.,.,.,.,.,.,.,.,.,.,.,.,.,.,.,.,.,.,.,.,.,.,.,.,.,.,.,.,.,.,.
,2015-08-01 00:00:00,123.9278040334536,.,.,.,.,0.007178372547348999,.,.,.,.,0.05179450246998507,.,.,.,.,4093.2191208033187,.,.,.,.,.,.,.,.,.,.,.,.,.,.,.,.,.,.,.,.,.,.,.,.,.,.,.,.,.,.,.,.,.,.,.,.,.,.
,2015-09-01 00:00:00,125.24898647978183,.,.,.,.,0.010660904198476696,.,.,.,.,0.05626668393425427,.,.,.,.,4136.856537713576,.,.,.,.,.,.,.,.,.,.,.,.,.,.,.,.,.,.,.,.,.,.,.,.,.,.,.,.,.,.,.,.,.,.,.,.,.,.
,2015-10-01 00:00:00,125.9735899349925,.,.,.,.,0.00578530394198153,.,.,.,.,0.05138294078420369,.,.,.,.,4160.789510148622,.,.,.,.,.,.,.,.,.,.,.,.,.,.,.,.,.,.,.,.,.,.,.,.,.,.,.,.,.,.,.,.,.,.,.,.,.,.
,2015-11-01 00:00:00,126.35223854652662,.,.,.,.,0.003005777732693982,.,.,.,.,0.04723139597989601,.,.,.,.,4173.295918608653,.,.,.,.,.,.,.,.,.,.,.,.,.,.,.,.,.,.,.,.,.,.,.,.,.,.,.,.,.,.,.,.,.,.,.,.,.,.
,2015-12-01 00:00:00,127.01073132887102,.,.,.,.,0.005211564036532074,.,.,.,.,0.04484664086118517,.,.,.,.,4195.04531753188,.,.,.,.,.,.,.,.,.,.,.,.,.,.,.,.,.,.,.,.,.,.,.,.,.,.,.,.,.,.,.,.,.,.,.,.,.,.
,2016-01-01 00:00:00,127.68759478381698,.,.,.,.,0.005329183194712516,.,.,.,.,0.042511152354007375,.,.,.,.,4217.401482539128,.,.,.,.,.,.,.,.,.,.,.,.,.,.,.,.,.,.,.,.,.,.,.,.,.,.,.,.,.,.,.,.,.,.,.,.,.,.
,2016-02-01 00:00:00,128.20596985495123,.,.,.,.,0.004059713647296014,.,.,.,.,0.04225840900092703,.,.,.,.,4234.522924893919,.,.,.,.,.,.,.,.,.,.,.,.,.,.,.,.,.,.,.,.,.,.,.,.,.,.,.,.,.,.,.,.,.,.,.,.,.,.
,2016-03-01 00:00:00,128.40468290256433,.,.,.,.,0.001549951596153389,.,.,.,.,0.04256568281540618,.,.,.,.,4241.086230460307,.,.,.,.,.,.,.,.,.,.,.,.,.,.,.,.,.,.,.,.,.,.,.,.,.,.,.,.,.,.,.,.,.,.,.,.,.,.
,2016-04-01 00:00:00,128.5109646239901,.,.,.,.,0.0008277090758941375,.,.,.,.,0.03497934666830149,.,.,.,.,4244.596616024909,.,.,.,.,.,.,.,.,.,.,.,.,.,.,.,.,.,.,.,.,.,.,.,.,.,.,.,.,.,.,.,.,.,.,.,.,.,.
,2016-05-01 00:00:00,128.55461410750306,.,.,.,.,0.0003396557145194832,.,.,.,.,0.03154117543014756,.,.,.,.,4246.038317521373,.,.,.,.,.,.,.,.,.,.,.,.,.,.,.,.,.,.,.,.,.,.,.,.,.,.,.,.,.,.,.,.,.,.,.,.,.,.
,2016-06-01 00:00:00,128.65426566212753,.,.,.,.,0.0007751690230360878,.,.,.,.,0.04039270887520163,.,.,.,.,4249.329714895739,.,.,.,.,.,.,.,.,.,.,.,.,.,.,.,.,.,.,.,.,.,.,.,.,.,.,.,.,.,.,.,.,.,.,.,.,.,.
,2016-07-01 00:00:00,128.78424957151938,.,.,.,.,0.001010335014722265,.,.,.,.,0.04664737590412238,.,.,.,.,4253.622961495798,.,.,.,.,.,.,.,.,.,.,.,.,.,.,.,.,.,.,.,.,.,.,.,.,.,.,.,.,.,.,.,.,.,.,.,.,.,.
,2016-08-01 00:00:00,128.91248344916556,.,.,.,.,0.0009957264034447222,.,.,.,.,0.04022244608131986,.,.,.,.,4257.858406188859,.,.,.,.,.,.,.,.,.,.,.,.,.,.,.,.,.,.,.,.,.,.,.,.,.,.,.,.,.,.,.,.,.,.,.,.,.,.
,2016-09-01 00:00:00,129.11796909564603,.,.,.,.,0.0015939933897982986,.,.,.,.,0.030890330729252957,.,.,.,.,4264.645404343021,.,.,.,.,.,.,.,.,.,.,.,.,.,.,.,.,.,.,.,.,.,.,.,.,.,.,.,.,.,.,.,.,.,.,.,.,.,.
,2016-10-01 00:00:00,129.35102966212324,.,.,.,.,0.0018050203864695932,.,.,.,.,0.026810696820449786,.,.,.,.,4272.343176238925,.,.,.,.,.,.,.,.,.,.,.,.,.,.,.,.,.,.,.,.,.,.,.,.,.,.,.,.,.,.,.,.,.,.,.,.,.,.
,2016-11-01 00:00:00,129.6605398368401,.,.,.,.,0.0023927925083033854,.,.,.,.,0.026183163261450648,.,.,.,.,4282.56600698393,.,.,.,.,.,.,.,.,.,.,.,.,.,.,.,.,.,.,.,.,.,.,.,.,.,.,.,.,.,.,.,.,.,.,.,.,.,.
,2016-12-01 00:00:00,129.95134991241935,.,.,.,.,0.0022428572019307143,.,.,.,.,0.023152520679013522,.,.,.,.,4292.1711909954365,.,.,.,.,.,.,.,.,.,.,.,.,.,.,.,.,.,.,.,.,.,.,.,.,.,.,.,.,.,.,.,.,.,.,.,.,.,.
,2017-01-01 00:00:00,130.2568243389774,.,.,.,.,0.002350682980699351,.,.,.,.,0.020121215060165287,.,.,.,.,4302.260724764358,.,.,.,.,.,.,.,.,.,.,.,.,.,.,.,.,.,.,.,.,.,.,.,.,.,.,.,.,.,.,.,.,.,.,.,.,.,.
,2017-02-01 00:00:00,130.6493776516972,.,.,.,.,0.0030136871116882074,.,.,.,.,0.01905845569836062,.,.,.,.,4315.226392461703,.,.,.,.,.,.,.,.,.,.,.,.,.,.,.,.,.,.,.,.,.,.,.,.,.,.,.,.,.,.,.,.,.,.,.,.,.,.
,2017-03-01 00:00:00,131.00247046318776,.,.,.,.,0.0027025984955847933,.,.,.,.,0.020231252489402385,.,.,.,.,4326.888716818077,.,.,.,.,.,.,.,.,.,.,.,.,.,.,.,.,.,.,.,.,.,.,.,.,.,.,.,.,.,.,.,.,.,.,.,.,.,.
,2017-04-01 00:00:00,131.52256851236243,.,.,.,.,0.003970139244975675,.,.,.,.,0.02343460651146745,.,.,.,.,4344.06706752136,.,.,.,.,.,.,.,.,.,.,.,.,.,.,.,.,.,.,.,.,.,.,.,.,.,.,.,.,.,.,.,.,.,.,.,.,.,.
,2017-05-01 00:00:00,131.87478753646604,.,.,.,.,0.0026780120559348765,.,.,.,.,0.025826948740918176,.,.,.,.,4355.700531499971,.,.,.,.,.,.,.,.,.,.,.,.,.,.,.,.,.,.,.,.,.,.,.,.,.,.,.,.,.,.,.,.,.,.,.,.,.,.
,2017-06-01 00:00:00,132.15151925371157,.,.,.,.,0.002098442942848431,.,.,.,.,0.02718334735024297,.,.,.,.,4364.840720541457,.,.,.,.,.,.,.,.,.,.,.,.,.,.,.,.,.,.,.,.,.,.,.,.,.,.,.,.,.,.,.,.,.,.,.,.,.,.
,2017-07-01 00:00:00,132.0667398058975,.,.,.,.,-0.0006415321465303378,.,.,.,.,0.025488289486481186,.,.,.,.,4362.040534904745,.,.,.,.,.,.,.,.,.,.,.,.,.,.,.,.,.,.,.,.,.,.,.,.,.,.,.,.,.,.,.,.,.,.,.,.,.,.
,2017-08-01 00:00:00,131.800937473728,.,.,.,.,-0.00201263643336822,.,.,.,.,0.022406317427756672,.,.,.,.,4353.2613332003675,.,.,.,.,.,.,.,.,.,.,.,.,.,.,.,.,.,.,.,.,.,.,.,.,.,.,.,.,.,.,.,.,.,.,.,.,.,.
,2017-09-01 00:00:00,131.46371352092177,.,.,.,.,-0.0025585853884646337,.,.,.,.,0.018167451375711297,.,.,.,.,4342.123142361073,.,.,.,.,.,.,.,.,.,.,.,.,.,.,.,.,.,.,.,.,.,.,.,.,.,.,.,.,.,.,.,.,.,.,.,.,.,.
,2017-10-01 00:00:00,131.41886221852653,.,.,.,.,-0.0003411686859744324,.,.,.,.,0.015986208705138782,.,.,.,.,4340.641745914256,.,.,.,.,.,.,.,.,.,.,.,.,.,.,.,.,.,.,.,.,.,.,.,.,.,.,.,.,.,.,.,.,.,.,.,.,.,.
,2017-11-01 00:00:00,131.4600765084671,.,.,.,.,0.00031361015644814716,.,.,.,.,0.013878830628743843,.,.,.,.,4342.003015251276,.,.,.,.,.,.,.,.,.,.,.,.,.,.,.,.,.,.,.,.,.,.,.,.,.,.,.,.,.,.,.,.,.,.,.,.,.,.
,2017-12-01 00:00:00,131.70649560573042,.,.,.,.,0.0018744785778931393,.,.,.,.,0.013506175153193523,.,.,.,.,4350.142006888513,.,.,.,.,.,.,.,.,.,.,.,.,.,.,.,.,.,.,.,.,.,.,.,.,.,.,.,.,.,.,.,.,.,.,.,.,.,.
,2018-01-01 00:00:00,132.04461744731412,.,.,.,.,0.0025672374018352595,.,.,.,.,0.013725139680084819,.,.,.,.,4361.309854151892,.,.,.,.,.,.,.,.,.,.,.,.,.,.,.,.,.,.,.,.,.,.,.,.,.,.,.,.,.,.,.,.,.,.,.,.,.,.
,2018-02-01 00:00:00,132.7164428943611,.,.,.,.,0.005087866965232699,.,.,.,.,0.015821470257398218,.,.,.,.,4383.499618483976,.,.,.,.,.,.,.,.,.,.,.,.,.,.,.,.,.,.,.,.,.,.,.,.,.,.,.,.,.,.,.,.,.,.,.,.,.,.
,2018-03-01 00:00:00,133.4495734823059,.,.,.,.,0.005524037353294331,.,.,.,.,0.018679823445053145,.,.,.,.,4407.714234114633,.,.,.,.,.,.,.,.,.,.,.,.,.,.,.,.,.,.,.,.,.,.,.,.,.,.,.,.,.,.,.,.,.,.,.,.,.,.
,2018-04-01 00:00:00,133.85285107578653,.,.,.,.,0.003021947413972791,.,.,.,.,0.017717739166605906,.,.,.,.,4421.034114745947,.,.,.,.,.,.,.,.,.,.,.,.,.,.,.,.,.,.,.,.,.,.,.,.,.,.,.,.,.,.,.,.,.,.,.,.,.,.
,2018-05-01 00:00:00,133.8675865551727,.,.,.,.,0.00011008715367446717,.,.,.,.,0.015111296525543993,.,.,.,.,4421.520813807937,.,.,.,.,.,.,.,.,.,.,.,.,.,.,.,.,.,.,.,.,.,.,.,.,.,.,.,.,.,.,.,.,.,.,.,.,.,.
,2018-06-01 00:00:00,133.67583738958803,.,.,.,.,-0.0014323793422961462,.,.,.,.,0.011534624380291847,.,.,.,.,4415.187518732706,.,.,.,.,.,.,.,.,.,.,.,.,.,.,.,.,.,.,.,.,.,.,.,.,.,.,.,.,.,.,.,.,.,.,.,.,.,.
,2018-07-01 00:00:00,133.5510176683871,.,.,.,.,-0.000933749312055218,.,.,.,.,0.011238846848730333,.,.,.,.,4411.064840424494,.,.,.,.,.,.,.,.,.,.,.,.,.,.,.,.,.,.,.,.,.,.,.,.,.,.,.,.,.,.,.,.,.,.,.,.,.,.
,2018-08-01 00:00:00,133.2212155690977,.,.,.,.,-0.0024694839848268075,.,.,.,.,0.010775933180693809,.,.,.,.,4400.171786445033,.,.,.,.,.,.,.,.,.,.,.,.,.,.,.,.,.,.,.,.,.,.,.,.,.,.,.,.,.,.,.,.,.,.,.,.,.,.
,2018-09-01 00:00:00,133.031957096662,.,.,.,.,-0.001420633129844976,.,.,.,.,0.011929098408517635,.,.,.,.,4393.920756628199,.,.,.,.,.,.,.,.,.,.,.,.,.,.,.,.,.,.,.,.,.,.,.,.,.,.,.,.,.,.,.,.,.,.,.,.,.,.
,2018-10-01 00:00:00,132.82862262114404,.,.,.,.,-0.0015284633854573397,.,.,.,.,0.010727230313966052,.,.,.,.,4387.204809633093,.,.,.,.,.,.,.,.,.,.,.,.,.,.,.,.,.,.,.,.,.,.,.,.,.,.,.,.,.,.,.,.,.,.,.,.,.,.
,2018-11-01 00:00:00,133.51042185511773,.,.,.,.,0.005132924068017572,.,.,.,.,0.015596714995967487,.,.,.,.,4409.723998791781,.,.,.,.,.,.,.,.,.,.,.,.,.,.,.,.,.,.,.,.,.,.,.,.,.,.,.,.,.,.,.,.,.,.,.,.,.,.
,2018-12-01 00:00:00,134.22103506726415,.,.,.,.,0.0053225298989585295,.,.,.,.,0.01909199276747242,.,.,.,.,4433.194886621505,.,.,.,.,.,.,.,.,.,.,.,.,.,.,.,.,.,.,.,.,.,.,.,.,.,.,.,.,.,.,.,.,.,.,.,.,.,.
,2019-01-01 00:00:00,135.07723997093603,.,.,.,.,0.006379066464826444,.,.,.,.,0.022966650078197537,.,.,.,.,4461.474531454793,.,.,.,.,.,.,.,.,.,.,.,.,.,.,.,.,.,.,.,.,.,.,.,.,.,.,.,.,.,.,.,.,.,.,.,.,.,.
,2019-02-01 00:00:00,135.58790974180323,.,.,.,.,0.003780575994720259,.,.,.,.,0.02163610465153698,.,.,.,.,4478.341474969467,.,.,.,.,.,.,.,.,.,.,.,.,.,.,.,.,.,.,.,.,.,.,.,.,.,.,.,.,.,.,.,.,.,.,.,.,.,.
,2019-03-01 00:00:00,136.11378829635416,.,.,.,.,0.003878506244047397,.,.,.,.,0.019964206288014097,.,.,.,.,4495.7107503431125,.,.,.,.,.,.,.,.,.,.,.,.,.,.,.,.,.,.,.,.,.,.,.,.,.,.,.,.,.,.,.,.,.,.,.,.,.,.
,2019-04-01 00:00:00,136.8198439348839,.,.,.,.,0.005187245519847394,.,.,.,.,0.022166078908677722,.,.,.,.,4519.03110579136,.,.,.,.,.,.,.,.,.,.,.,.,.,.,.,.,.,.,.,.,.,.,.,.,.,.,.,.,.,.,.,.,.,.,.,.,.,.
,2019-05-01 00:00:00,137.52332280289616,.,.,.,.,0.005141643549506414,.,.,.,.,0.027308599055207328,.,.,.,.,4542.266352926471,.,.,.,.,.,.,.,.,.,.,.,.,.,.,.,.,.,.,.,.,.,.,.,.,.,.,.,.,.,.,.,.,.,.,.,.,.,.
,2019-06-01 00:00:00,138.25023241081217,.,.,.,.,0.005285718764648006,.,.,.,.,0.0342200588419912,.,.,.,.,4566.275495422164,.,.,.,.,.,.,.,.,.,.,.,.,.,.,.,.,.,.,.,.,.,.,.,.,.,.,.,.,.,.,.,.,.,.,.,.,.,.
,2019-07-01 00:00:00,138.44514122248168,.,.,.,.,0.001409826285791116,.,.,.,.,0.03664609704620081,.,.,.,.,4572.7131506437745,.,.,.,.,.,.,.,.,.,.,.,.,.,.,.,.,.,.,.,.,.,.,.,.,.,.,.,.,.,.,.,.,.,.,.,.,.,.
,2019-08-01 00:00:00,139.1204198155585,.,.,.,.,0.004877589687251271,.,.,.,.,0.04428126722354575,.,.,.,.,4595.016969150113,.,.,.,.,.,.,.,.,.,.,.,.,.,.,.,.,.,.,.,.,.,.,.,.,.,.,.,.,.,.,.,.,.,.,.,.,.,.
,2019-09-01 00:00:00,139.65533677101845,.,.,.,.,0.0038449923898240534,.,.,.,.,0.04978788419645541,.,.,.,.,4612.684774427607,.,.,.,.,.,.,.,.,.,.,.,.,.,.,.,.,.,.,.,.,.,.,.,.,.,.,.,.,.,.,.,.,.,.,.,.,.,.
,2019-10-01 00:00:00,140.66772574579903,.,.,.,.,0.0072491964731753455,.,.,.,.,0.059016671030413415,.,.,.,.,4646.123032626258,.,.,.,.,.,.,.,.,.,.,.,.,.,.,.,.,.,.,.,.,.,.,.,.,.,.,.,.,.,.,.,.,.,.,.,.,.,.
,2019-11-01 00:00:00,141.3583223977834,.,.,.,.,0.004909417908926406,.,.,.,.,0.05878118302391422,.,.,.,.,4668.932792249709,.,.,.,.,.,.,.,.,.,.,.,.,.,.,.,.,.,.,.,.,.,.,.,.,.,.,.,.,.,.,.,.,.,.,.,.,.,.
,2019-12-01 00:00:00,142.1844036153466,.,.,.,.,0.005843881022007391,.,.,.,.,0.05933025731839758,.,.,.,.,4696.217479987364,.,.,.,.,.,.,.,.,.,.,.,.,.,.,.,.,.,.,.,.,.,.,.,.,.,.,.,.,.,.,.,.,.,.,.,.,.,.
,2020-01-01 00:00:00,141.89784375872705,.,.,.,.,-0.002015409913697641,.,.,.,.,0.05049410092520823,.,.,.,.,4686.752676721317,.,.,.,.,.,.,.,.,.,.,.,.,.,.,.,.,.,.,.,.,.,.,.,.,.,.,.,.,.,.,.,.,.,.,.,.,.,.
,2020-02-01 00:00:00,142.1605366995099,.,.,.,.,0.0018512821183491734,.,.,.,.,0.048475022369050214,.,.,.,.,4695.429178144856,.,.,.,.,.,.,.,.,.,.,.,.,.,.,.,.,.,.,.,.,.,.,.,.,.,.,.,.,.,.,.,.,.,.,.,.,.,.
,2020-03-01 00:00:00,142.85846045971007,.,.,.,.,0.004909405777465681,.,.,.,.,0.04955171880655507,.,.,.,.,4718.480945279721,.,.,.,.,.,.,.,.,.,.,.,.,.,.,.,.,.,.,.,.,.,.,.,.,.,.,.,.,.,.,.,.,.,.,.,.,.,.
,2020-04-01 00:00:00,144.92389374567085,.,.,.,.,0.014457899653365525,.,.,.,.,0.059231538187135335,.,.,.,.,4786.700269302893,.,.,.,.,.,.,.,.,.,.,.,.,.,.,.,.,.,.,.,.,.,.,.,.,.,.,.,.,.,.,.,.,.,.,.,.,.,.
,2020-05-01 00:00:00,146.71290637984956,.,.,.,.,0.012344497431998835,.,.,.,.,0.06682200073164513,.,.,.,.,4845.78967848505,.,.,.,.,.,.,.,.,.,.,.,.,.,.,.,.,.,.,.,.,.,.,.,.,.,.,.,.,.,.,.,.,.,.,.,.,.,.
,2020-06-01 00:00:00,148.0246849810613,.,.,.,.,0.00894112613252629,.,.,.,.,0.07070116555901507,.,.,.,.,4889.116495212079,.,.,.,.,.,.,.,.,.,.,.,.,.,.,.,.,.,.,.,.,.,.,.,.,.,.,.,.,.,.,.,.,.,.,.,.,.,.
,2020-07-01 00:00:00,148.9380437502823,.,.,.,.,0.006170313886078249,.,.,.,.,0.07579104932934055,.,.,.,.,4919.283878613141,.,.,.,.,.,.,.,.,.,.,.,.,.,.,.,.,.,.,.,.,.,.,.,.,.,.,.,.,.,.,.,.,.,.,.,.,.,.
,2020-08-01 00:00:00,149.7563354896215,.,.,.,.,0.005494175421769221,.,.,.,.,0.0764511470578062,.,.,.,.,4946.311287191723,.,.,.,.,.,.,.,.,.,.,.,.,.,.,.,.,.,.,.,.,.,.,.,.,.,.,.,.,.,.,.,.,.,.,.,.,.,.
,2020-09-01 00:00:00,150.7724280694882,.,.,.,.,0.006784972245378551,.,.,.,.,0.07960376993467522,.,.,.,.,4979.871871992322,.,.,.,.,.,.,.,.,.,.,.,.,.,.,.,.,.,.,.,.,.,.,.,.,.,.,.,.,.,.,.,.,.,.,.,.,.,.
,2020-10-01 00:00:00,151.61576433660474,.,.,.,.,0.005593438256017658,.,.,.,.,0.07782907225350288,.,.,.,.,5007.72647783119,.,.,.,.,.,.,.,.,.,.,.,.,.,.,.,.,.,.,.,.,.,.,.,.,.,.,.,.,.,.,.,.,.,.,.,.,.,.
,2020-11-01 00:00:00,152.71753885457892,.,.,.,.,0.007266886281878326,.,.,.,.,0.08035760657112623,.,.,.,.,5044.11705667634,.,.,.,.,.,.,.,.,.,.,.,.,.,.,.,.,.,.,.,.,.,.,.,.,.,.,.,.,.,.,.,.,.,.,.,.,.,.
,2020-12-01 00:00:00,153.92557570330845,.,.,.,.,0.007910269231616196,.,.,.,.,0.08257707448508489,.,.,.,.,5084.017380630438,.,.,.,.,.,.,.,.,.,.,.,.,.,.,.,.,.,.,.,.,.,.,.,.,.,.,.,.,.,.,.,.,.,.,.,.,.,.
,2021-01-01 00:00:00,154.98799518622576,.,.,.,.,0.006902163451804277,.,.,.,.,0.09225053095067648,.,.,.,.,5119.108099583364,.,.,.,.,.,.,.,.,.,.,.,.,.,.,.,.,.,.,.,.,.,.,.,.,.,.,.,.,.,.,.,.,.,.,.,.,.,.
,2021-02-01 00:00:00,156.10070061832104,.,.,.,.,0.007179300762993446,.,.,.,.,0.09805930845827482,.,.,.,.,5155.859716268547,.,.,.,.,.,.,.,.,.,.,.,.,.,.,.,.,.,.,.,.,.,.,.,.,.,.,.,.,.,.,.,.,.,.,.,.,.,.
,2021-03-01 00:00:00,157.18492753689856,.,.,.,.,0.006945688996159882,.,.,.,.,0.10028434459595004,.,.,.,.,5191.670714365578,.,.,.,.,.,.,.,.,.,.,.,.,.,.,.,.,.,.,.,.,.,.,.,.,.,.,.,.,.,.,.,.,.,.,.,.,.,.
,2021-04-01 00:00:00,158.59731775075852,.,.,.,.,0.008985532111712269,.,.,.,.,0.09434899692305643,.,.,.,.,5238.320638282946,.,.,.,.,.,.,.,.,.,.,.,.,.,.,.,.,.,.,.,.,.,.,.,.,.,.,.,.,.,.,.,.,.,.,.,.,.,.
,2021-05-01 00:00:00,161.0480330133848,.,.,.,.,0.015452438271860824,.,.,.,.,0.09770869507840474,.,.,.,.,5319.2654645942275,.,.,.,.,.,.,.,.,.,.,.,.,.,.,.,.,.,.,.,.,.,.,.,.,.,.,.,.,.,.,.,.,.,.,.,.,.,.
,2021-06-01 00:00:00,163.6076776920893,.,.,.,.,0.015893672408229698,.,.,.,.,0.10527293277483918,.,.,.,.,5403.808127340898,.,.,.,.,.,.,.,.,.,.,.,.,.,.,.,.,.,.,.,.,.,.,.,.,.,.,.,.,.,.,.,.,.,.,.,.,.,.
,2021-07-01 00:00:00,165.98567397842422,.,.,.,.,0.014534747512340518,.,.,.,.,0.11446122024218952,.,.,.,.,5482.3511140769315,.,.,.,.,.,.,.,.,.,.,.,.,.,.,.,.,.,.,.,.,.,.,.,.,.,.,.,.,.,.,.,.,.,.,.,.,.,.
,2021-08-01 00:00:00,169.33769567835355,.,.,.,.,0.020194644631590597,.,.,.,.,0.13075480329237288,.,.,.,.,5593.06524657132,.,.,.,.,.,.,.,.,.,.,.,.,.,.,.,.,.,.,.,.,.,.,.,.,.,.,.,.,.,.,.,.,.,.,.,.,.,.
,2021-09-01 00:00:00,172.89007357300403,.,.,.,.,0.02097806917957601,.,.,.,.,0.14669555824439073,.,.,.,.,5710.396956239775,.,.,.,.,.,.,.,.,.,.,.,.,.,.,.,.,.,.,.,.,.,.,.,.,.,.,.,.,.,.,.,.,.,.,.,.,.,.
,2021-10-01 00:00:00,177.17747082025932,.,.,.,.,0.024798400270475307,.,.,.,.,0.1685953079846274,.,.,.,.,5852.0056656639135,.,.,.,.,.,.,.,.,.,.,.,.,.,.,.,.,.,.,.,.,.,.,.,.,.,.,.,.,.,.,.,.,.,.,.,.,.,.
,2021-11-01 00:00:00,180.81901897826683,.,.,.,.,0.020553110624892845,.,.,.,.,0.18400951412952482,.,.,.,.,5972.282585487803,.,.,.,.,.,.,.,.,.,.,.,.,.,.,.,.,.,.,.,.,.,.,.,.,.,.,.,.,.,.,.,.,.,.,.,.,.,.
,2021-12-01 00:00:00,185.08038788089786,.,.,.,.,0.0235670391682814,.,.,.,.,0.20240179083455434,.,.,.,.,6113.031603104038,.,.,.,.,.,.,.,.,.,.,.,.,.,.,.,.,.,.,.,.,.,.,.,.,.,.,.,.,.,.,.,.,.,.,.,.,.,.
,2022-01-01 00:00:00,188.91887382617404,.,.,.,.,0.020739560734799767,.,.,.,.,0.218925850348465,.,.,.,.,6239.813193310364,.,.,.,.,.,.,.,.,.,.,.,.,.,.,.,.,.,.,.,.,.,.,.,.,.,.,.,.,.,.,.,.,.,.,.,.,.,.
,2022-02-01 00:00:00,192.99204889388275,.,.,.,.,0.021560445418791208,.,.,.,.,0.2363304464966116,.,.,.,.,6374.3463450881845,.,.,.,.,.,.,.,.,.,.,.,.,.,.,.,.,.,.,.,.,.,.,.,.,.,.,.,.,.,.,.,.,.,.,.,.,.,.
,2022-03-01 00:00:00,196.77974203926237,.,.,.,.,0.019626161632504857,.,.,.,.,0.25189956265411695,.,.,.,.,6499.450296758452,.,.,.,.,.,.,.,.,.,.,.,.,.,.,.,.,.,.,.,.,.,.,.,.,.,.,.,.,.,.,.,.,.,.,.,.,.,.
,2022-04-01 00:00:00,200.92687401260744,.,.,.,.,0.021074994460139163,.,.,.,.,0.2668995722132663,.,.,.,.,6636.426175756586,.,.,.,.,.,.,.,.,.,.,.,.,.,.,.,.,.,.,.,.,.,.,.,.,.,.,.,.,.,.,.,.,.,.,.,.,.,.
,2022-05-01 00:00:00,203.51199344631772,.,.,.,.,0.012865971495421125,.,.,.,.,0.26367264249296163,.,.,.,.,6721.810245765337,.,.,.,.,.,.,.,.,.,.,.,.,.,.,.,.,.,.,.,.,.,.,.,.,.,.,.,.,.,.,.,.,.,.,.,.,.,.
,2022-06-01 00:00:00,206.20232917983154,.,.,.,.,0.013219543909698261,.,.,.,.,0.26034628746400057,.,.,.,.,6810.6695114618915,.,.,.,.,.,.,.,.,.,.,.,.,.,.,.,.,.,.,.,.,.,.,.,.,.,.,.,.,.,.,.,.,.,.,.,.,.,.
,2022-07-01 00:00:00,209.29392613770136,.,.,.,.,0.01499302636476818,.,.,.,.,0.2609156026616286,.,.,.,.,6912.782059008963,.,.,.,.,.,.,.,.,.,.,.,.,.,.,.,.,.,.,.,.,.,.,.,.,.,.,.,.,.,.,.,.,.,.,.,.,.,.
,2022-08-01 00:00:00,213.2808678118645,.,.,.,.,0.019049485800844534,.,.,.,.,0.2595002368343211,.,.,.,.,7044.467002686388,.,.,.,.,.,.,.,.,.,.,.,.,.,.,.,.,.,.,.,.,.,.,.,.,.,.,.,.,.,.,.,.,.,.,.,.,.,.
,2022-09-01 00:00:00,217.37849540556383,.,.,.,.,0.01921235428071233,.,.,.,.,0.25732201342244343,.,.,.,.,7179.807798460786,.,.,.,.,.,.,.,.,.,.,.,.,.,.,.,.,.,.,.,.,.,.,.,.,.,.,.,.,.,.,.,.,.,.,.,.,.,.
,2022-10-01 00:00:00,221.67192699308066,.,.,.,.,0.019750949050901134,.,.,.,.,0.2511293110056836,.,.,.,.,7321.615816483447,.,.,.,.,.,.,.,.,.,.,.,.,.,.,.,.,.,.,.,.,.,.,.,.,.,.,.,.,.,.,.,.,.,.,.,.,.,.
,2022-11-01 00:00:00,224.53221107818894,.,.,.,.,0.012903231022111106,.,.,.,.,0.2417510743445419,.,.,.,.,7416.0883168186765,.,.,.,.,.,.,.,.,.,.,.,.,.,.,.,.,.,.,.,.,.,.,.,.,.,.,.,.,.,.,.,.,.,.,.,.,.,.
,2022-12-01 00:00:00,224.80679617955838,.,.,.,.,0.0012229207562286515,.,.,.,.,0.2146440730620529,.,.,.,.,7425.157605151339,.,.,.,.,.,.,.,.,.,.,.,.,.,.,.,.,.,.,.,.,.,.,.,.,.,.,.,.,.,.,.,.,.,.,.,.,.,.
,2023-01-01 00:00:00,224.09421397012235,.,.,.,.,-0.0031697538577386553,.,.,.,.,0.18619283204235848,.,.,.,.,7401.621683188094,.,.,.,.,.,.,.,.,.,.,.,.,.,.,.,.,.,.,.,.,.,.,.,.,.,.,.,.,.,.,.,.,.,.,.,.,.,.
,2023-02-01 00:00:00,224.86815491920086,.,.,.,.,0.0034536409279255498,.,.,.,.,0.165167975613572,.,.,.,.,7427.184226766173,.,.,.,.,.,.,.,.,.,.,.,.,.,.,.,.,.,.,.,.,.,.,.,.,.,.,.,.,.,.,.,.,.,.,.,.,.,.
,2023-03-01 00:00:00,227.81629088168253,.,.,.,.,0.013110508971539314,.,.,.,.,0.1577222762911621,.,.,.,.,7524.558392204466,.,.,.,.,.,.,.,.,.,.,.,.,.,.,.,.,.,.,.,.,.,.,.,.,.,.,.,.,.,.,.,.,.,.,.,.,.,.
,2023-04-01 00:00:00,230.5604754878467,.,.,.,.,0.012045603040694575,.,.,.,.,0.14748450958023596,.,.,.,.,7615.196235653489,.,.,.,.,.,.,.,.,.,.,.,.,.,.,.,.,.,.,.,.,.,.,.,.,.,.,.,.,.,.,.,.,.,.,.,.,.,.
,2023-05-01 00:00:00,232.67935364054352,.,.,.,.,0.009190118766945865,.,.,.,.,0.14332010463019507,.,.,.,.,7685.180793492743,.,.,.,.,.,.,.,.,.,.,.,.,.,.,.,.,.,.,.,.,.,.,.,.,.,.,.,.,.,.,.,.,.,.,.,.,.,.
,2023-06-01 00:00:00,234.66055711818504,.,.,.,.,0.008514736897121455,.,.,.,.,0.1380111856715971,.,.,.,.,7750.618085956145,.,.,.,.,.,.,.,.,.,.,.,.,.,.,.,.,.,.,.,.,.,.,.,.,.,.,.,.,.,.,.,.,.,.,.,.,.,.
,2023-07-01 00:00:00,236.09166991451298,.,.,.,.,0.006098650808227468,.,.,.,.,0.1280388029950783,.,.,.,.,7797.886399210323,.,.,.,.,.,.,.,.,.,.,.,.,.,.,.,.,.,.,.,.,.,.,.,.,.,.,.,.,.,.,.,.,.,.,.,.,.,.
,2023-08-01 00:00:00,239.08122687036507,.,.,.,.,0.012662695625536458,.,.,.,.,0.12096893323436353,.,.,.,.,7896.628661206034,.,.,.,.,.,.,.,.,.,.,.,.,.,.,.,.,.,.,.,.,.,.,.,.,.,.,.,.,.,.,.,.,.,.,.,.,.,.
,2023-09-01 00:00:00,242.22413057754144,.,.,.,.,0.013145756981080448,.,.,.,.,0.11429665627974384,.,.,.,.,8000.435822556083,.,.,.,.,.,.,.,.,.,.,.,.,.,.,.,.,.,.,.,.,.,.,.,.,.,.,.,.,.,.,.,.,.,.,.,.,.,.
,2023-10-01 00:00:00,245.8638896037633,.,.,.,.,0.015026409703870147,.,.,.,.,0.10913408359299281,.,.,.,.,8120.65364903533,.,.,.,.,.,.,.,.,.,.,.,.,.,.,.,.,.,.,.,.,.,.,.,.,.,.,.,.,.,.,.,.,.,.,.,.,.,.
,2023-11-01 00:00:00,249.50322654345953,.,.,.,.,0.014802242596753112,.,.,.,.,0.1112135107268637,.,.,.,.,8240.857534392559,.,.,.,.,.,.,.,.,.,.,.,.,.,.,.,.,.,.,.,.,.,.,.,.,.,.,.,.,.,.,.,.,.,.,.,.,.,.
,2023-12-01 00:00:00,252.54203969461952,.,.,.,.,0.0121794543231315,.,.,.,.,0.12337368792404457,.,.,.,.,8341.226682316126,.,.,.,.,.,.,.,.,.,.,.,.,.,.,.,.,.,.,.,.,.,.,.,.,.,.,.,.,.,.,.,.,.,.,.,.,.,.
,2024-01-01 00:00:00,255.93712434145505,.,.,.,.,0.013443641505948678,.,.,.,.,0.14209608453156308,.,.,.,.,8453.363143553037,.,.,.,.,.,.,.,.,.,.,.,.,.,.,.,.,.,.,.,.,.,.,.,.,.,.,.,.,.,.,.,.,.,.,.,.,.,.
,2024-02-01 00:00:00,258.63121159212835,.,.,.,.,0.010526363682507478,.,.,.,.,0.15014601193779153,.,.,.,.,8542.346318342381,.,.,.,.,.,.,.,.,.,.,.,.,.,.,.,.,.,.,.,.,.,.,.,.,.,.,.,.,.,.,.,.,.,.,.,.,.,.
,2024-03-01 00:00:00,262.2437454158726,.,.,.,.,0.013967895837109223,.,.,.,.,0.15111937079192517,.,.,.,.,8661.664921921501,.,.,.,.,.,.,.,.,.,.,.,.,.,.,.,.,.,.,.,.,.,.,.,.,.,.,.,.,.,.,.,.,.,.,.,.,.,.
,2024-04-01 00:00:00,265.0544100501794,.,.,.,.,0.010717756604069262,.,.,.,.,0.14960905371723587,.,.,.,.,8754.498538340662,.,.,.,.,.,.,.,.,.,.,.,.,.,.,.,.,.,.,.,.,.,.,.,.,.,.,.,.,.,.,.,.,.,.,.,.,.,.
,2024-05-01 00:00:00,266.40085636545444,.,.,.,.,0.005079886484515184,.,.,.,.,0.14492692281157793,.,.,.,.,8798.970397144287,.,.,.,.,.,.,.,.,.,.,.,.,.,.,.,.,.,.,.,.,.,.,.,.,.,.,.,.,.,.,.,.,.,.,.,.,.,.
,2024-06-01 00:00:00,267.07692034105924,.,.,.,.,0.002537769528328182,.,.,.,.,0.13814150797634017,.,.,.,.,8821.300156098821,.,.,.,.,.,.,.,.,.,.,.,.,.,.,.,.,.,.,.,.,.,.,.,.,.,.,.,.,.,.,.,.,.,.,.,.,.,.
,2024-07-01 00:00:00,268.0791806644335,.,.,.,.,0.003752702862135804,.,.,.,.,0.13548767206188583,.,.,.,.,8854.403874442372,.,.,.,.,.,.,.,.,.,.,.,.,.,.,.,.,.,.,.,.,.,.,.,.,.,.,.,.,.,.,.,.,.,.,.,.,.,.
,2024-08-01 00:00:00,270.8173898587481,.,.,.,.,0.010214180704103626,.,.,.,.,0.13274217889801543,.,.,.,.,8944.844355643041,.,.,.,.,.,.,.,.,.,.,.,.,.,.,.,.,.,.,.,.,.,.,.,.,.,.,.,.,.,.,.,.,.,.,.,.,.,.
,2024-09-01 00:00:00,273.2864939643377,.,.,.,.,0.00911722879715171,.,.,.,.,0.12823810457171803,.,.,.,.,9026.396548188348,.,.,.,.,.,.,.,.,.,.,.,.,.,.,.,.,.,.,.,.,.,.,.,.,.,.,.,.,.,.,.,.,.,.,.,.,.,.
,2024-10-01 00:00:00,276.2941243542509,.,.,.,.,0.011005411743127302,.,.,.,.,0.1237686217342826,.,.,.,.,9125.735758757904,.,.,.,.,.,.,.,.,.,.,.,.,.,.,.,.,.,.,.,.,.,.,.,.,.,.,.,.,.,.,.,.,.,.,.,.,.,.
,2024-11-01 00:00:00,278.0135462885303,.,.,.,.,0.006223157797140777,.,.,.,.,0.11426834089500115,.,.,.,.,9182.526652399665,.,.,.,.,.,.,.,.,.,.,.,.,.,.,.,.,.,.,.,.,.,.,.,.,.,.,.,.,.,.,.,.,.,.,.,.,.,.
,2024-12-01 00:00:00,280.76731495698726,.,.,.,.,0.00990516003705455,.,.,.,.,0.11176466023834486,.,.,.,.,9273.481048436204,.,.,.,.,.,.,.,.,.,.,.,.,.,.,.,.,.,.,.,.,.,.,.,.,.,.,.,.,.,.,.,.,.,.,.,.,.,.
,2025-01-01 00:00:00,282.482106893928,.,.,.,.,0.0061075198058699876,.,.,.,.,0.10371681177857695,.,.,.,.,9330.119017608888,.,.,.,.,.,.,.,.,.,.,.,.,.,.,.,.,.,.,.,.,.,.,.,.,.,.,.,.,.,.,.,.,.,.,.,.,.,.
,2025-02-01 00:00:00,285.36186928281427,.,.,.,.,0.010194494867484138,.,.,.,.,0.10335433811771022,.,.,.,.,9425.234868046917,.,.,.,.,.,.,.,.,.,.,.,.,.,.,.,.,.,.,.,.,.,.,.,.,.,.,.,.,.,.,.,.,.,.,.,.,.,.
,2025-03-01 00:00:00,288.80771853658575,.,.,.,.,0.012075366840117008,.,.,.,.,0.10129497303581969,.,.,.,.,9539.048036632845,.,.,.,.,.,.,.,.,.,.,.,.,.,.,.,.,.,.,.,.,.,.,.,.,.,.,.,.,.,.,.,.,.,.,.,.,.,.
,2025-04-01 00:00:00,291.6374583512352,.,.,.,.,0.00979800619245208,.,.,.,.,0.10029279760341714,.,.,.,.,9632.511688365872,.,.,.,.,.,.,.,.,.,.,.,.,.,.,.,.,.,.,.,.,.,.,.,.,.,.,.,.,.,.,.,.,.,.,.,.,.,.
,2025-05-01 00:00:00,293.1176340514712,.,.,.,.,0.00507539637947807,.,.,.,.,0.10028788214316453,.,.,.,.,9681.400503314284,.,.,.,.,.,.,.,.,.,.,.,.,.,.,.,.,.,.,.,.,.,.,.,.,.,.,.,.,.,.,.,.,.,.,.,.,.,.
,2025-06-01 00:00:00,294.32361609979586,.,.,.,.,0.004114327860987199,.,.,.,.,0.10201815912787371,.,.,.,.,9721.232959138446,.,.,.,.,.,.,.,.,.,.,.,.,.,.,.,.,.,.,.,.,.,.,.,.,.,.,.,.,.,.,.,.,.,.,.,.,.,.
,2025-07-01 00:00:00,297.1141998250867,.,.,.,.,0.009481344930012847,.,.,.,.,0.10830762422016504,.,.,.,.,9813.403321969048,.,.,.,.,.,.,.,.,.,.,.,.,.,.,.,.,.,.,.,.,.,.,.,.,.,.,.,.,.,.,.,.,.,.,.,.,.,.
,2025-08-01 00:00:00,301.0359779124993,.,.,.,.,0.013199564644575501,.,.,.,.,0.11158289380719788,.,.,.,.,9942.935973500673,.,.,.,.,.,.,.,.,.,.,.,.,.,.,.,.,.,.,.,.,.,.,.,.,.,.,.,.,.,.,.,.,.,.,.,.,.,.
,2025-09-01 00:00:00,304.2559480900389,.,.,.,.,0.010696296834245889,.,.,.,.,0.1133223002587993,.,.,.,.,10049.288568077138,.,.,.,.,.,.,.,.,.,.,.,.,.,.,.,.,.,.,.,.,.,.,.,.,.,.,.,.,.,.,.,.,.,.,.,.,.,.
,2025-10-01 00:00:00,308.3370596679841,.,.,.,.,0.013413415920261462,.,.,.,.,0.1159740019395028,.,.,.,.,10184.083855343486,.,.,.,.,.,.,.,.,.,.,.,.,.,.,.,.,.,.,.,.,.,.,.,.,.,.,.,.,.,.,.,.,.,.,.,.,.,.
,2025-11-01 00:00:00,310.954985814174,.,.,.,.,0.008490468674148044,.,.,.,.,0.11848861311044234,.,.,.,.,10270.551500292177,.,.,.,.,.,.,.,.,.,.,.,.,.,.,.,.,.,.,.,.,.,.,.,.,.,.,.,.,.,.,.,.,.,.,.,.,.,.
,2025-12-01 00:00:00,313.0658828630176,.,.,.,.,0.006788432876599915,.,.,.,.,0.11503678022841934,.,.,.,.,10340.272449757573,.,.,.,.,.,.,.,.,.,.,.,.,.,.,.,.,.,.,.,.,.,.,.,.,.,.,.,.,.,.,.,.,.,.,.,.,.,.
,2026-01-01 00:00:00,314.5409075454374,.,.,.,.,0.0047115471955314625,.,.,.,.,0.1134896684395923,.,.,.,.,10388.99113141926,.,.,.,.,,,,,,,,,,,,,,,,,,,,,,,,,,,,,,,,,,
,,,,,,,,,,,,,,,,,,,,,,,,,,,,,,,,,,,,,,,,,,,,,,,,,,,,,,,
,,,Nota: Os preços considerados para o cálculo são médias móveis trimestrais.,,,,,,,,,,,,,,,,,,,,,,,,,,,,,,,,,,,,,,,,,,,,,,,,,,,,
,,,Fonte: ZAP e IBGE.,,,,,,,,,,,,,,,,,,,,,,,,,,,,,,,,,,,,,,,,,,,,,,,,,,,,
,,,Note: Monthly prices are 3-months moving averages.,,,,,,,,,,,,,,,,,,,,,,,,,,,,,,,,,,,,,,,,,,,,,,,,,,,,
,,,Source: ZAP and IBGE.,,,,,,,,,,,,,,,,,,,,,,,,,,,,,,,,,,,,,,,,,,,,,,,,,,,,
